"Movimiento","Fecha Emisión","Cliente","Artículo","Cantidad","Precio Total","Descuentos","Sub Total","Precio6","Total"
"Pedido 11167","1/6/2025","2808","67000","2","305.68965517241","0","305.68965517241","94.93","354.6"
"Pedido 11192","1/6/2025","2808","67224","3","691.13793103448","0","691.13793103448","161.21","801.72"
"Pedido 11217","1/13/2025","2814","67000","2","385.06896551724","0","385.06896551724","94.93","446.68"
"Pedido 11217","1/13/2025","2814","67000","26","3903.3620689655","0","3903.3620689655","94.93","4527.9"
"Pedido 11194","1/13/2025","2808","67224","1","403.18965517241","0","403.18965517241","161.21","467.7"
"Pedido 11225","1/15/2025","2814","67000","1","161.39655172414","0","161.39655172414","94.93","187.22"
"Pedido 11225","1/15/2025","2814","67000","1","88.853448275862","0","88.853448275862","94.93","103.07"
"Pedido 11225","1/15/2025","2814","67000","13","1951.6810344828","0","1951.6810344828","94.93","2263.95"
"Pedido 11225","1/15/2025","2814","67619","1","373.83620689655","0","373.83620689655","210.99","433.65"
"Pedido 11231","1/17/2025","2814","67000","1","150.12931034483","0","150.12931034483","94.93","174.15"
"Pedido 11232","1/17/2025","2808","67000","1","222.06896551724","0","222.06896551724","94.93","257.6"
"Pedido 11235","1/21/2025","2808","67000","1","184.58620689655","0","184.58620689655","94.93","214.12"
"Pedido 11235","1/21/2025","2808","67402","1","462.95689655172","0","462.95689655172","344.5","537.03"
"Pedido 11235","1/21/2025","2808","67374","3","1160.4310344828","0","1160.4310344828","221.63","1346.1"
"Pedido 11235","1/21/2025","2808","67224","1","403.18965517241","0","403.18965517241","161.21","467.7"
"Pedido 11245","1/23/2025","2808","67003","2","653.41379310345","0","653.41379310345","175.77","757.96"
"Pedido 11245","1/23/2025","2808","67000","3","164.48275862069","0","164.48275862069","94.93","190.8"
"Pedido 11245","1/23/2025","2808","67374","2","773.62068965517","0","773.62068965517","221.63","897.4"
"Pedido 11250","1/24/2025","2814","67000","1","150.12931034483","0","150.12931034483","94.93","174.15"
"Pedido 11254","1/27/2025","2917","67922","3","1535.1724137931","0","1535.1724137931","380.67","1780.8"
"Pedido 11254","1/27/2025","2917","67002","2","556.24137931034","0","556.24137931034","148.2","645.24"
"Pedido 11254","1/27/2025","2917","67003","3","980.12068965517","0","980.12068965517","175.77","1136.94"
"Pedido 11254","1/27/2025","2917","67402","10","4629.5689655172","0","4629.5689655172","344.5","5370.3"
"Pedido 11254","1/27/2025","2917","67472","1","465.5","0","465.5","288.43","539.98"
"Pedido 11254","1/27/2025","2917","67374","52","20741.724137931","0","20741.724137931","221.63","24060.4"
"Pedido 11255","1/27/2025","2917","67374","4","1595.5172413793","0","1595.5172413793","221.63","1850.8"
"Pedido 11254","1/27/2025","2917","67615","23","17681.646551724","0","17681.646551724","584.92","20510.71"
"Pedido 11254","1/27/2025","2917","67631","3","2982.4137931034","0","2982.4137931034","495.23","3459.6"
"Pedido 11254","1/27/2025","2917","67631","26","16615.120689655","0","16615.120689655","495.23","19273.54"
"Pedido 11254","1/27/2025","2917","67837","8","4414.3448275862","0","4414.3448275862","454.19","5120.64"
"Pedido 11255","1/27/2025","2917","67004","2","792.20689655172","0","792.20689655172","206.54","918.96"
"Pedido 11254","1/27/2025","2917","67004","6","2376.6206896552","0","2376.6206896552","206.54","2756.88"
"Pedido 11254","1/27/2025","2917","75054","46","30989.724137931","0","30989.724137931","368","35948.08"
"Pedido 11257","1/28/2025","2917","67003","1","326.70689655172","0","326.70689655172","175.77","378.98"
"Pedido 11257","1/28/2025","2917","67002","5","1390.6034482759","0","1390.6034482759","148.2","1613.1"
"Pedido 11257","1/28/2025","2917","67402","3","1388.8706896552","0","1388.8706896552","344.5","1611.09"
"Pedido 11257","1/28/2025","2917","67374","33","13163.017241379","0","13163.017241379","221.63","15269.1"
"Pedido 11258","1/28/2025","2808","67224","1","403.18965517241","0","403.18965517241","161.21","467.7"
"Pedido 11257","1/28/2025","2917","67004","3","1188.3103448276","0","1188.3103448276","206.54","1378.44"
"Pedido 11257","1/28/2025","2917","75054","4","2694.7586206897","0","2694.7586206897","368","3125.92"
"Pedido 11262","1/29/2025","2917","67402","6","2777.7413793103","0","2777.7413793103","344.5","3222.18"
"Pedido 11262","1/29/2025","2917","67003","1","326.70689655172","0","326.70689655172","175.77","378.98"
"Pedido 11262","1/29/2025","2917","67002","6","1668.724137931","0","1668.724137931","148.2","1935.72"
"Pedido 11262","1/29/2025","2917","67922","1","511.72413793103","0","511.72413793103","380.67","593.6"
"Pedido 11262","1/29/2025","2917","67374","69","27522.672413793","0","27522.672413793","221.63","31926.3"
"Pedido 11262","1/29/2025","2917","67004","1","396.10344827586","0","396.10344827586","206.54","459.48"
"Pedido 11266","1/31/2025","2917","67002","6","1668.724137931","0","1668.724137931","148.2","1935.72"
"Pedido 11266","1/31/2025","2917","67003","3","980.12068965517","0","980.12068965517","175.77","1136.94"
"Pedido 11266","1/31/2025","2917","67402","2","792.20689655172","0","792.20689655172","344.5","918.96"
"Pedido 11266","1/31/2025","2917","67374","90","35899.137931034","0","35899.137931034","221.63","41643"
"Pedido 11266","1/31/2025","2917","67631","1","994.13793103448","0","994.13793103448","495.23","1153.2"
"Pedido 11265","1/31/2025","2808","67224","1","403.18965517241","0","403.18965517241","161.21","467.7"
"Pedido 11266","1/31/2025","2917","67004","1","396.10344827586","0","396.10344827586","206.54","459.48"
"Pedido 11272","2/4/2025","2917","67003","11","3593.775862069","0","3593.775862069","175.77","4168.78"
"Pedido 11273","2/4/2025","2814","67000","1","66.836206896552","0","66.836206896552","94.93","77.53"
"Pedido 11272","2/4/2025","2917","67002","32","8899.8620689655","0","8899.8620689655","148.2","10323.84"
"Pedido 11272","2/4/2025","2917","67472","2","931","0","931","288.43","1079.96"
"Pedido 11272","2/4/2025","2917","67374","39","15556.293103448","0","15556.293103448","221.63","18045.3"
"Pedido 11272","2/4/2025","2917","67631","2","1988.275862069","0","1988.275862069","495.23","2306.4"
"Pedido 11272","2/4/2025","2917","67004","4","1584.4137931034","0","1584.4137931034","206.54","1837.92"
"Pedido 11278","2/5/2025","2917","67002","39","10846.706896552","0","10846.706896552","148.2","12582.18"
"Pedido 11278","2/5/2025","2917","67003","10","3267.0689655172","0","3267.0689655172","175.77","3789.8"
"Pedido 11278","2/5/2025","2917","67472","2","931","0","931","288.43","1079.96"
"Pedido 11278","2/5/2025","2917","67004","5","1980.5172413793","0","1980.5172413793","206.54","2297.4"
"Pedido 11286","2/6/2025","2917","67003","3","980.12068965517","0","980.12068965517","175.77","1136.94"
"Pedido 11286","2/6/2025","2917","67472","3","1396.5","0","1396.5","288.43","1619.94"
"Pedido 11286","2/6/2025","2917","67404","1","751.8275862069","0","751.8275862069","434.32","872.12"
"Pedido 11285","2/6/2025","2808","67837","1","768.48275862069","0","768.48275862069","454.19","891.44"
"Pedido 11286","2/6/2025","2917","67004","4","1584.4137931034","0","1584.4137931034","206.54","1837.92"
"Pedido 11289","2/7/2025","2917","67003","9","2940.3620689655","0","2940.3620689655","175.77","3410.82"
"Pedido 11289","2/7/2025","2917","67472","1","465.5","0","465.5","288.43","539.98"
"Pedido 11271","2/7/2025","2808","67837","1","768.48275862069","0","768.48275862069","454.19","891.44"
"Pedido 11289","2/7/2025","2917","67004","1","396.10344827586","0","396.10344827586","206.54","459.48"
"Pedido 11293","2/10/2025","2917","67003","22","7187.5517241379","0","7187.5517241379","175.77","8337.56"
"Pedido 11293","2/10/2025","2917","67472","6","2793","0","2793","288.43","3239.88"
"Pedido 11292","2/10/2025","2808","67374","5","1934.0517241379","0","1934.0517241379","221.63","2243.5"
"Pedido 11293","2/10/2025","2917","67004","5","1980.5172413793","0","1980.5172413793","206.54","2297.4"
"Pedido 11292","2/10/2025","2808","67930","1","511.72413793103","0","511.72413793103","371.49","593.6"
"Pedido 11303","2/14/2025","2917","67003","10","3267.0689655172","0","3267.0689655172","175.77","3789.8"
"Pedido 11302","2/14/2025","2808","67374","5","1934.0517241379","0","1934.0517241379","221.63","2243.5"
"Pedido 11303","2/14/2025","2917","67004","7","2772.724137931","0","2772.724137931","206.54","3216.36"
"Pedido 11321","2/18/2025","2917","67002","4","1112.4827586207","0","1112.4827586207","148.2","1290.48"
"Pedido 11309","2/18/2025","2808","67000","1","184.58620689655","0","184.58620689655","94.93","214.12"
"Pedido 11310","2/18/2025","2917","67002","10","2781.2068965517","0","2781.2068965517","148.2","3226.2"
"Pedido 11320","2/18/2025","2808","67000","1","184.58620689655","0","184.58620689655","94.93","214.12"
"Pedido 11310","2/18/2025","2917","67374","72","28719.310344828","0","28719.310344828","221.63","33314.4"
"Pedido 11321","2/18/2025","2917","67003","1","326.70689655172","0","326.70689655172","175.77","378.98"
"Pedido 11310","2/18/2025","2917","67003","7","2286.9482758621","0","2286.9482758621","175.77","2652.86"
"Pedido 11309","2/18/2025","2808","67374","3","1160.4310344828","0","1160.4310344828","221.63","1346.1"
"Pedido 11321","2/18/2025","2917","67374","51","20342.844827586","0","20342.844827586","221.63","23597.7"
"Pedido 11310","2/18/2025","2917","67004","2","792.20689655172","0","792.20689655172","206.54","918.96"
"Pedido 11321","2/18/2025","2917","67004","3","1188.3103448276","0","1188.3103448276","206.54","1378.44"
"Pedido 11326","2/20/2025","2917","67002","4","1112.4827586207","0","1112.4827586207","148.2","1290.48"
"Pedido 11326","2/20/2025","2917","67003","7","2286.9482758621","0","2286.9482758621","175.77","2652.86"
"Pedido 11326","2/20/2025","2917","67374","52","20741.724137931","0","20741.724137931","221.63","24060.4"
"Pedido 11326","2/20/2025","2917","67004","3","1188.3103448276","0","1188.3103448276","206.54","1378.44"
"Pedido 11331","2/24/2025","2917","67922","1","511.72413793103","0","511.72413793103","380.67","593.6"
"Pedido 11331","2/24/2025","2917","67002","14","3893.6896551724","0","3893.6896551724","148.2","4516.68"
"Pedido 11331","2/24/2025","2917","67003","1","326.70689655172","0","326.70689655172","175.77","378.98"
"Pedido 11331","2/24/2025","2917","67374","115","45871.120689655","0","45871.120689655","221.63","53210.5"
"Pedido 11331","2/24/2025","2917","67004","3","1188.3103448276","0","1188.3103448276","206.54","1378.44"
"Pedido 11340","2/25/2025","2808","67000","1","184.58620689655","0","184.58620689655","94.93","214.12"
"Pedido 11339","2/25/2025","2917","67002","10","2781.2068965517","0","2781.2068965517","148.2","3226.2"
"Pedido 11340","2/25/2025","2808","67374","12","4641.724137931","0","4641.724137931","221.63","5384.4"
"Pedido 11339","2/25/2025","2917","67404","6","3082.8103448276","0","3082.8103448276","434.32","3576.06"
"Pedido 11339","2/25/2025","2917","67374","13","5185.4310344828","0","5185.4310344828","221.63","6015.1"
"Pedido 11339","2/25/2025","2917","67004","1","396.10344827586","0","396.10344827586","206.54","459.48"
"Pedido 11350","2/27/2025","2917","67922","1","432.4224137931","0","432.4224137931","380.67","501.61"
"Pedido 11350","2/27/2025","2917","67002","6","1668.724137931","0","1668.724137931","148.2","1935.72"
"Pedido 11350","2/27/2025","2917","67003","1","326.70689655172","0","326.70689655172","175.77","378.98"
"Pedido 11349","2/27/2025","2808","67374","14","5415.3448275862","0","5415.3448275862","221.63","6281.8"
"Pedido 11363","2/28/2025","2917","67002","4","1112.4827586207","0","1112.4827586207","148.2","1290.48"
"Pedido 11363","2/28/2025","2917","67631","1","561.37068965517","0","561.37068965517","495.23","651.19"
"Pedido 11363","2/28/2025","2917","67404","1","513.80172413793","0","513.80172413793","434.32","596.01"
"Pedido 11362","2/28/2025","2808","67374","7","2707.6724137931","0","2707.6724137931","221.63","3140.9"
"Pedido 11363","2/28/2025","2917","67004","1","396.10344827586","0","396.10344827586","206.54","459.48"
"Pedido 11369","3/4/2025","2917","67002","35","9734.224137931","0","9734.224137931","148.2","11291.7"
"Pedido 11369","3/4/2025","2917","67003","1","326.70689655172","0","326.70689655172","175.77","378.98"
"Pedido 11368","3/4/2025","2808","67374","13","5028.5344827586","0","5028.5344827586","221.63","5833.1"
"Pedido 11369","3/4/2025","2917","67404","1","496.80172413793","0","496.80172413793","434.32","576.29"
"Pedido 11369","3/4/2025","2917","67631","27","15157.00862069","0","15157.00862069","495.23","17582.13"
"Pedido 11369","3/4/2025","2917","67004","1","396.10344827586","0","396.10344827586","206.54","459.48"
"Pedido 11377","3/5/2025","2917","67002","10","2781.2068965517","0","2781.2068965517","148.2","3226.2"
"Pedido 11377","3/5/2025","2917","67374","19","7578.7068965517","0","7578.7068965517","221.63","8791.3"
"Pedido 11391","3/10/2025","2917","67922","3","1242.3620689655","0","1242.3620689655","380.67","1441.14"
"Pedido 11391","3/10/2025","2917","67002","13","3615.5689655172","0","3615.5689655172","148.2","4194.06"
"Pedido 11393","3/10/2025","2814","67000","1","150.12931034483","0","150.12931034483","94.93","174.15"
"Pedido 11391","3/10/2025","2917","67003","2","653.41379310345","0","653.41379310345","175.77","757.96"
"Pedido 11391","3/10/2025","2917","67374","225","76649.353448276","0","76649.353448276","221.63","88913.25"
"Pedido 11391","3/10/2025","2917","67374","36","14359.655172414","0","14359.655172414","221.63","16657.2"
"Pedido 11392","3/10/2025","2808","67001","1","263.44827586207","0","263.44827586207","115.71","305.6"
"Pedido 11392","3/10/2025","2808","67224","2","806.37931034483","0","806.37931034483","161.21","935.4"
"Pedido 11391","3/10/2025","2917","67004","9","3564.9310344828","0","3564.9310344828","206.54","4135.32"
"Pedido 11408","3/18/2025","2808","67224","1","403.18965517241","0","403.18965517241","161.21","467.7"
"Pedido 11422","3/19/2025","2808","67703","1","398.87931034483","0","398.87931034483","360.22","462.7"
"Pedido 11415","3/19/2025","2808","67224","1","403.18965517241","0","403.18965517241","161.21","467.7"
"Pedido 11411","3/20/2025","2917","67922","5","2070.6034482759","0","2070.6034482759","380.67","2401.9"
"Pedido 11411","3/20/2025","2917","67003","5","1633.5344827586","0","1633.5344827586","175.77","1894.9"
"Pedido 11411","3/20/2025","2917","67374","237","80737.318965517","0","80737.318965517","221.63","93655.29"
"Pedido 11411","3/20/2025","2917","67004","24","9506.4827586207","0","9506.4827586207","206.54","11027.52"
"Pedido 11453","3/26/2025","2917","67922","5","2070.6034482759","0","2070.6034482759","380.67","2401.9"
"Pedido 11453","3/26/2025","2917","67003","1","326.70689655172","0","326.70689655172","175.77","378.98"
"Pedido 11453","3/26/2025","2917","67004","4","1584.4137931034","0","1584.4137931034","206.54","1837.92"
"Pedido 11488","4/3/2025","2808","67703","1","398.87931034483","0","398.87931034483","360.22","462.7"
"Pedido 11488","4/3/2025","2808","67000","1","184.58620689655","0","184.58620689655","94.93","214.12"
"Pedido 11488","4/3/2025","2808","67631","6","3471.6724137931","0","3471.6724137931","495.23","4027.14"
"Pedido 11505","4/7/2025","2814","67402","2","1185.8620689655","0","1185.8620689655","344.5","1375.6"
"Pedido 11503","4/7/2025","2808","67404","9","4405.2672413793","0","4405.2672413793","434.32","5110.11"
"Pedido 11503","4/7/2025","2808","67002","1","275.53448275862","0","275.53448275862","148.2","319.62"
"Pedido 11497","4/7/2025","2808","67631","4","2314.4482758621","0","2314.4482758621","495.23","2684.76"
"Pedido 11503","4/7/2025","2808","67631","4","2314.4482758621","0","2314.4482758621","495.23","2684.76"
"Pedido 11509","4/9/2025","2808","67404","1","489.47413793103","0","489.47413793103","434.32","567.79"
"Pedido 11516","4/11/2025","2808","67000","1","181.13793103448","0","181.13793103448","94.93","210.12"
"Pedido 11519","4/14/2025","2808","67002","1","275.53448275862","0","275.53448275862","148.2","319.62"
"Pedido 11519","4/14/2025","2808","67002","3","826.60344827586","0","826.60344827586","148.2","958.86"
"Pedido 11519","4/14/2025","2808","75054","2","1330.1379310345","0","1330.1379310345","368","1542.96"
"Pedido 11523","4/15/2025","2808","75054","1","665.06896551724","0","665.06896551724","368","771.48"
"Pedido 11526","4/17/2025","2808","67002","1","275.53448275862","0","275.53448275862","148.2","319.62"
"Pedido 11528","4/20/2025","2808","75054","4","2660.275862069","0","2660.275862069","368","3085.92"
"Pedido 11531","4/22/2025","2808","67004","15","3943.9655172414","0","3943.9655172414","206.54","4575"
"Pedido 11534","4/22/2025","2808","75054","1","665.06896551724","0","665.06896551724","368","771.48"
"Pedido 11534","4/22/2025","2808","75054","1","665.06896551724","0","665.06896551724","368","771.48"
"Pedido 11534","4/22/2025","2808","75054","1","665.06896551724","0","665.06896551724","368","771.48"
"Pedido 11541","4/25/2025","2808","67002","1","275.53448275862","0","275.53448275862","148.2","319.62"
"Pedido 11541","4/25/2025","2808","67000","2","724.55172413793","0","724.55172413793","94.93","840.48"
"Pedido 11541","4/25/2025","2808","75054","1","665.06896551724","0","665.06896551724","368","771.48"
"Pedido 11547","4/28/2025","2808","67002","1","275.53448275862","0","275.53448275862","148.2","319.62"
"Pedido 11549","4/29/2025","2808","67000","1","181.13793103448","0","181.13793103448","94.93","210.12"
"Pedido 11555","5/2/2025","2808","69078","1","1405.775862069","0","1405.775862069","974.23","1630.7"
"Pedido 11555","5/2/2025","2808","67002","3","826.60344827586","0","826.60344827586","148.2","958.86"
"Pedido 11563","5/7/2025","2808","67002","1","275.53448275862","0","275.53448275862","148.2","319.62"
"Pedido 11563","5/7/2025","2808","67000","2","362.27586206897","0","362.27586206897","94.93","420.24"
"Pedido 11574","5/8/2025","2808","67002","1","275.53448275862","0","275.53448275862","148.2","319.62"
"Pedido 11575","5/9/2025","2917","67922","11","4474.724137931","0","4474.724137931","380.67","5190.68"
"Pedido 11575","5/9/2025","2917","67922","10","4141.2068965517","0","4141.2068965517","380.67","4803.8"
"Pedido 11575","5/9/2025","2917","67003","10","3267.0689655172","0","3267.0689655172","175.77","3789.8"
"Pedido 11575","5/9/2025","2917","67374","74","24571.189655172","0","24571.189655172","221.63","28502.58"
"Pedido 11575","5/9/2025","2917","67374","246","96003.620689655","0","96003.620689655","221.63","111364.2"
"Pedido 11575","5/9/2025","2917","67003","38","12316.586206897","0","12316.586206897","175.77","14287.24"
"Pedido 11575","5/9/2025","2917","67004","16","6337.6551724138","0","6337.6551724138","206.54","7351.68"
"Pedido 11580","5/13/2025","2808","67003","5","1536.5517241379","0","1536.5517241379","175.77","1782.4"
"Pedido 11580","5/13/2025","2808","67004","1","376.70689655172","0","376.70689655172","206.54","436.98"
"Pedido 11598","5/19/2025","2808","67002","2","440.86206896552","0","440.86206896552","148.2","511.4"
"Pedido 11598","5/19/2025","2808","67004","1","266.90517241379","0","266.90517241379","206.54","309.61"
"Pedido 11605","5/20/2025","2808","67002","1","220.43103448276","0","220.43103448276","148.2","255.7"
"Pedido 11605","5/20/2025","2808","67631","2","1202.0344827586","0","1202.0344827586","495.23","1394.36"
"Pedido 11611","5/22/2025","2917","67003","13","3263.4482758621","0","3263.4482758621","175.77","3785.6"
"Pedido 11611","5/22/2025","2917","67472","1","380.15517241379","0","380.15517241379","288.43","440.98"
"Pedido 11616","5/26/2025","2917","67003","2","502.06896551724","0","502.06896551724","175.77","582.4"
"Pedido 11636","6/2/2025","2808","67004","2","533.15517241379","0","533.15517241379","206.54","618.46"
"Pedido 11669","6/17/2025","2808","67224","4","863.31034482759","0","863.31034482759","161.21","1001.44"
"Pedido 11673","6/18/2025","2808","67703","1","501.29310344828","0","501.29310344828","360.22","581.5"
"Pedido 11673","6/18/2025","2808","67224","3","647.48275862069","0","647.48275862069","161.21","751.08"
"Pedido 11683","6/24/2025","2917","67472","13","5157.1896551724","0","5157.1896551724","288.43","5982.34"
"Pedido 11683","6/24/2025","2917","67472","34","13863.206896552","0","13863.206896552","288.43","16081.32"
"Pedido 11683","6/24/2025","2917","67002","20","5510.6896551724","0","5510.6896551724","148.2","6392.4"
"Pedido 11683","6/24/2025","2917","67631","1","989.39655172414","0","989.39655172414","495.23","1147.7"
"Pedido 11683","6/24/2025","2917","67631","17","10217.293103448","0","10217.293103448","495.23","11852.06"
"Pedido 11684","6/24/2025","2808","67224","4","863.31034482759","0","863.31034482759","161.21","1001.44"
"Pedido 11678","6/24/2025","2808","67224","2","431.65517241379","0","431.65517241379","161.21","500.72"
"Pedido 11678","6/24/2025","2808","75054","1","665.06896551724","0","665.06896551724","368","771.48"
"Pedido 11686","6/25/2025","2917","67472","8","3703.3103448276","0","3703.3103448276","288.43","4295.84"
"Pedido 11686","6/25/2025","2917","67631","3","1803.0517241379","0","1803.0517241379","495.23","2091.54"
"Pedido 11688","6/25/2025","2808","67224","3","647.48275862069","0","647.48275862069","161.21","751.08"
"Pedido 11690","6/27/2025","2808","67487","1","835.68103448276","0","835.68103448276","746.87","969.39"
"Pedido 11685","6/27/2025","2808","67224","1","215.8275862069","0","215.8275862069","161.21","250.36"
"Pedido 11693","6/30/2025","2814","67402","1","592.93103448276","0","592.93103448276","344.5","687.8"
"Pedido 11695","6/30/2025","2917","67472","16","7406.6206896552","0","7406.6206896552","288.43","8591.68"
"Pedido 11695","6/30/2025","2917","67631","7","4207.1206896552","0","4207.1206896552","495.23","4880.26"
"Pedido 11694","6/30/2025","2808","67224","1","215.8275862069","0","215.8275862069","161.21","250.36"
"Pedido 11698","7/1/2025","2917","67472","2","925.8275862069","0","925.8275862069","288.43","1073.96"
"Pedido 11698","7/1/2025","2917","67631","6","3606.1034482759","0","3606.1034482759","495.23","4183.08"
"Pedido 11697","7/1/2025","2808","67224","1","215.8275862069","0","215.8275862069","161.21","250.36"
"Pedido 11704","7/3/2025","2808","67487","1","835.68103448276","0","835.68103448276","746.87","969.39"
"Pedido 11703","7/3/2025","2917","67631","9","5409.1551724138","0","5409.1551724138","495.23","6274.62"
"Pedido 11716","7/7/2025","2917","67003","12","3889.4482758621","0","3889.4482758621","175.77","4511.76"
"Pedido 11716","7/7/2025","2917","67003","173","41285.853448276","0","41285.853448276","175.77","47891.59"
"Pedido 11716","7/7/2025","2917","67631","15","9015.2586206897","0","9015.2586206897","495.23","10457.7"
"Pedido 11717","7/7/2025","2808","67224","7","1510.7931034483","0","1510.7931034483","161.21","1752.52"
"Pedido 11720","7/8/2025","2808","67224","6","1294.9655172414","0","1294.9655172414","161.21","1502.16"
"Pedido 11720","7/8/2025","2808","75054","2","1330.1379310345","0","1330.1379310345","368","1542.96"
"Pedido 11723","7/9/2025","2808","67224","2","431.65517241379","0","431.65517241379","161.21","500.72"
"Pedido 11727","7/10/2025","2808","67487","1","835.68103448276","0","835.68103448276","746.87","969.39"
"Pedido 11736","7/14/2025","2808","67224","27","5827.3448275862","0","5827.3448275862","161.21","6759.72"
"Pedido 11738","7/15/2025","2808","67000","1","181.13793103448","0","181.13793103448","94.93","210.12"
"Pedido 11742","7/16/2025","2808","67000","1","181.13793103448","0","181.13793103448","94.93","210.12"
"Pedido 11742","7/16/2025","2808","75114","1","472.62068965517","0","472.62068965517","308.19","548.24"
"Pedido 11746","7/17/2025","2808","67000","1","181.13793103448","0","181.13793103448","94.93","210.12"
"Pedido 11747","7/18/2025","2808","67000","1","181.13793103448","0","181.13793103448","94.93","210.12"
"Pedido 11757","7/22/2025","2808","67000","4","724.55172413793","0","724.55172413793","94.93","840.48"
"Pedido 11757","7/22/2025","2808","75054","1","665.06896551724","0","665.06896551724","368","771.48"
"Pedido 11764","7/24/2025","2808","67000","2","362.27586206897","0","362.27586206897","94.93","420.24"
"Pedido 11762","7/24/2025","2917","67631","66","39667.137931034","0","39667.137931034","495.23","46013.88"
"Pedido 11769","7/29/2025","2808","75114","1","472.62068965517","0","472.62068965517","308.19","548.24"
"Pedido 11769","7/29/2025","2808","75054","6","3990.4137931034","0","3990.4137931034","368","4628.88"
"Pedido 11776","7/30/2025","2808","75054","1","665.06896551724","0","665.06896551724","368","771.48"
"Pedido 11785","7/31/2025","2917","67001","22","3531.3793103448","0","3531.3793103448","115.71","4096.4"
"Pedido 11791","8/5/2025","2808","67703","1","411.87068965517","0","411.87068965517","360.22","477.77"
"Pedido 11793","8/5/2025","2917","67001","8","1284.1379310345","0","1284.1379310345","115.71","1489.6"
"Pedido 11793","8/5/2025","2917","67001","4","1067.5862068966","0","1067.5862068966","115.71","1238.4"
"Pedido 11793","8/5/2025","2917","75054","10","6542.9310344828","0","6542.9310344828","368","7589.8"
"Pedido 11795","8/6/2025","2808","67703","1","411.87068965517","0","411.87068965517","360.22","477.77"
"Pedido 11798","8/7/2025","2808","67703","1","411.87068965517","0","411.87068965517","360.22","477.77"
"Pedido 11798","8/7/2025","2808","67000","3","514.83620689655","0","514.83620689655","94.93","597.21"
"Pedido 11803","8/12/2025","2917","67001","4","642.06896551724","0","642.06896551724","115.71","744.8"
"Pedido 11803","8/12/2025","2917","67001","4","1067.5862068966","0","1067.5862068966","115.71","1238.4"
"Pedido 11803","8/12/2025","2917","75054","7","4580.0517241379","0","4580.0517241379","368","5312.86"
"Pedido 11812","8/18/2025","2808","67000","1","69.629310344828","0","69.629310344828","94.93","80.77"
"Pedido 11823","8/25/2025","2814","67000","1","161.33620689655","0","161.33620689655","94.93","187.15"
"Pedido 11821","8/25/2025","2917","67404","3","1723.4482758621","0","1723.4482758621","434.32","1999.2"
"Pedido 11821","8/25/2025","2917","67001","42","6741.724137931","0","6741.724137931","115.71","7820.4"
"Pedido 11821","8/25/2025","2917","75054","17","9368.3189655172","0","9368.3189655172","368","10867.25"
"Pedido 11834","8/29/2025","2808","67617","1","361.87068965517","0","361.87068965517","337.09","419.77"
"Pedido 11835","8/29/2025","2917","75054","3","1653.2327586207","0","1653.2327586207","368","1917.75"
"Pedido 11855","9/5/2025","2917","67404","1","574.48275862069","0","574.48275862069","434.32","666.4"
"Pedido 11855","9/5/2025","2917","75054","6","3306.4655172414","0","3306.4655172414","368","3835.5"
"Pedido 11859","9/8/2025","2808","67224","1","235.23275862069","0","235.23275862069","161.21","272.87"
"Pedido 11869","9/10/2025","2814","67402","1","644.95689655172","0","644.95689655172","344.5","748.15"
"Pedido 11868","9/10/2025","2808","6713H","1","873.25862068966","0","873.25862068966","476","1012.98"
"Pedido 11884","9/15/2025","2808","6713H","1","873.25862068966","0","873.25862068966","476","1012.98"
"Pedido 11885","9/15/2025","2917","67226","1","415.24137931034","0","415.24137931034","215","481.68"
"Pedido 11885","9/15/2025","2917","67002","1","275.53448275862","0","275.53448275862","148.2","319.62"
"Pedido 11885","9/15/2025","2917","67226","9","3114.775862069","0","3114.775862069","215","3613.14"
"Pedido 11885","9/15/2025","2917","67003","3","896.97413793103","0","896.97413793103","175.77","1040.49"
"Pedido 11885","9/15/2025","2917","67002","20","5137.2413793103","0","5137.2413793103","148.2","5959.2"
"Pedido 11885","9/15/2025","2917","67002","27","8563.6551724138","0","8563.6551724138","148.2","9933.84"
"Pedido 11885","9/15/2025","2917","67374","12","4605.724137931","0","4605.724137931","221.63","5342.64"
"Pedido 11884","9/15/2025","2808","67224","1","267.36206896552","0","267.36206896552","161.21","310.14"
"Pedido 11885","9/15/2025","2917","67004","13","4410.25","0","4410.25","206.54","5115.89"
"Pedido 11885","9/15/2025","2917","75054","5","2755.3879310345","0","2755.3879310345","368","3196.25"
"Pedido 11890","9/17/2025","2808","67000","1","200.9224137931","0","200.9224137931","94.93","233.07"
"Pedido 11890","9/17/2025","2808","6713J","1","1004.0517241379","0","1004.0517241379","562.19","1164.7"
"Pedido 11894","9/18/2025","2917","67002","9","2854.5517241379","0","2854.5517241379","148.2","3311.28"
"Pedido 11894","9/18/2025","2917","67374","2","767.62068965517","0","767.62068965517","221.63","890.44"
"Pedido 11892","9/18/2025","2808","6713J","1","1004.0517241379","0","1004.0517241379","562.19","1164.7"
"Pedido 11894","9/18/2025","2917","67004","6","2035.5","0","2035.5","206.54","2361.18"
"Pedido 11896","9/19/2025","2808","6713J","1","1004.0517241379","0","1004.0517241379","562.19","1164.7"
"Pedido 11899","9/22/2025","2814","67402","2","1289.9137931034","0","1289.9137931034","344.5","1496.3"
"Pedido 11900","9/22/2025","2808","75114","1","472.62068965517","0","472.62068965517","308.19","548.24"
"Pedido 11918","9/25/2025","2917","67374","3","1370.6379310345","0","1370.6379310345","221.63","1589.94"
"Pedido 11918","9/25/2025","2917","67226","8","2768.6896551724","0","2768.6896551724","215","3211.68"
"Pedido 11918","9/25/2025","2917","67002","44","13955.586206897","0","13955.586206897","148.2","16188.48"
"Pedido 11918","9/25/2025","2917","67003","4","1407.5172413793","0","1407.5172413793","175.77","1632.72"
"Pedido 11919","9/25/2025","2808","67000","1","200.9224137931","0","200.9224137931","94.93","233.07"
"Pedido 11918","9/25/2025","2917","67004","2","774.96551724138","0","774.96551724138","206.54","898.96"
"Pedido 11938","10/1/2025","2917","67226","11","3806.9482758621","0","3806.9482758621","215","4416.06"
"Pedido 11940","10/1/2025","2808","67000","1","200.9224137931","0","200.9224137931","94.93","233.07"
"Pedido 11938","10/1/2025","2917","67374","1","456.87931034483","0","456.87931034483","221.63","529.98"
"Pedido 11938","10/1/2025","2917","67004","4","1549.9310344828","0","1549.9310344828","206.54","1797.92"
"Pedido 11948","10/6/2025","2808","67224","2","534.72413793103","0","534.72413793103","161.21","620.28"
"Pedido 11957","10/8/2025","2808","6713H","1","873.25862068966","0","873.25862068966","476","1012.98"
"Pedido 11957","10/8/2025","2808","67000","1","200.9224137931","0","200.9224137931","94.93","233.07"
"Pedido 11961","10/9/2025","2808","6713H","1","873.25862068966","0","873.25862068966","476","1012.98"
"Pedido 11961","10/9/2025","2808","67224","1","267.36206896552","0","267.36206896552","161.21","310.14"
"Pedido 11960","10/10/2025","2917","67226","5","1730.4310344828","0","1730.4310344828","215","2007.3"
"Pedido 11960","10/10/2025","2917","67003","7","2092.9396551724","0","2092.9396551724","175.77","2427.81"
"Pedido 11960","10/10/2025","2917","67374","17","6429.224137931","0","6429.224137931","221.63","7457.9"
"Pedido 11960","10/10/2025","2917","67004","5","1696.25","0","1696.25","206.54","1967.65"
"Pedido 11979","10/13/2025","2808","67224","1","267.36206896552","0","267.36206896552","161.21","310.14"
"Pedido 11983","10/14/2025","2917","67226","3","1038.2586206897","0","1038.2586206897","215","1204.38"
"Pedido 11983","10/14/2025","2917","67003","2","597.98275862069","0","597.98275862069","175.77","693.66"
"Pedido 11983","10/14/2025","2917","67374","10","3781.8965517241","0","3781.8965517241","221.63","4387"
"Pedido 11982","10/14/2025","2808","6713J","1","1004.0517241379","0","1004.0517241379","562.19","1164.7"
"Pedido 11983","10/14/2025","2917","67004","9","3053.25","0","3053.25","206.54","3541.77"
"Pedido 11992","10/15/2025","2814","67615","1","829.00862068966","0","829.00862068966","584.92","961.65"
"Pedido 11993","10/15/2025","2808","67000","1","200.9224137931","0","200.9224137931","94.93","233.07"
"Pedido 11993","10/15/2025","2808","6713J","1","1004.0517241379","0","1004.0517241379","562.19","1164.7"
"Pedido 11993","10/15/2025","2808","67224","1","267.36206896552","0","267.36206896552","161.21","310.14"
"Pedido 12003","10/17/2025","2808","6713H","1","873.25862068966","0","873.25862068966","476","1012.98"
"Pedido 12004","10/17/2025","2917","67003","2","597.98275862069","0","597.98275862069","175.77","693.66"
"Pedido 12002","10/17/2025","2814","67615","1","829.00862068966","0","829.00862068966","584.92","961.65"
"Pedido 12004","10/17/2025","2917","67374","12","4538.275862069","0","4538.275862069","221.63","5264.4"
"Pedido 12003","10/17/2025","2808","6713J","1","1004.0517241379","0","1004.0517241379","562.19","1164.7"
"Pedido 12004","10/17/2025","2917","67004","4","1357","0","1357","206.54","1574.12"
"Pedido 12020","10/21/2025","2808","67224","1","267.36206896552","0","267.36206896552","161.21","310.14"
"Pedido 12036","10/23/2025","2917","67374","27","10211.120689655","0","10211.120689655","221.63","11844.9"
"Pedido 12036","10/23/2025","2917","67226","2","692.1724137931","0","692.1724137931","215","802.92"
"Pedido 12035","10/23/2025","2808","67000","3","1808.3017241379","0","1808.3017241379","94.93","2097.63"
"Pedido 12036","10/23/2025","2917","67003","11","3288.9051724138","0","3288.9051724138","175.77","3815.13"
"Pedido 12035","10/23/2025","2808","6713F","1","1095.9655172414","0","1095.9655172414","698.18","1271.32"
"Pedido 12036","10/23/2025","2917","67004","6","2035.5","0","2035.5","206.54","2361.18"
"Pedido 12044","10/28/2025","2808","6713H","2","1746.5172413793","0","1746.5172413793","476","2025.96"
"Pedido 12045","10/28/2025","2917","67374","29","10967.5","0","10967.5","221.63","12722.3"
"Pedido 12045","10/28/2025","2917","67226","3","1038.2586206897","0","1038.2586206897","215","1204.38"
"Pedido 12045","10/28/2025","2917","67003","8","2391.9310344828","0","2391.9310344828","175.77","2774.64"
"Pedido 12044","10/28/2025","2808","6713J","1","1004.0517241379","0","1004.0517241379","562.19","1164.7"
"Pedido 12044","10/28/2025","2808","6713F","1","1095.9655172414","0","1095.9655172414","698.18","1271.32"
"Pedido 12045","10/28/2025","2917","67004","8","2714","0","2714","206.54","3148.24"
"Pedido 12049","10/30/2025","2808","671BT","1","545.35344827586","0","545.35344827586","332.92","632.61"
"Pedido 12049","10/30/2025","2808","67224","1","267.36206896552","0","267.36206896552","161.21","310.14"
"Pedido 12050","10/31/2025","2917","67374","10","3781.8965517241","0","3781.8965517241","221.63","4387"
"Pedido 12050","10/31/2025","2917","67226","1","346.08620689655","0","346.08620689655","215","401.46"
"Pedido 12050","10/31/2025","2917","67003","1","298.99137931034","0","298.99137931034","175.77","346.83"
"Pedido 12050","10/31/2025","2917","67004","1","339.25","0","339.25","206.54","393.53"
"Pedido 12054","11/4/2025","2917","67226","3","1038.2586206897","0","1038.2586206897","215","1204.38"
"Pedido 12054","11/4/2025","2917","67374","1","378.18965517241","0","378.18965517241","221.63","438.7"
"Pedido 12054","11/4/2025","2917","67003","1","298.99137931034","0","298.99137931034","175.77","346.83"
"Pedido 12054","11/4/2025","2917","67004","3","1017.75","0","1017.75","206.54","1180.59"
"Pedido 12057","11/5/2025","2808","6713H","1","776.44827586207","0","776.44827586207","476","900.68"
"Pedido 12063","11/7/2025","2808","6713H","1","776.44827586207","0","776.44827586207","476","900.68"
"Pedido 12063","11/7/2025","2808","6713F","3","3287.8965517241","0","3287.8965517241","698.18","3813.96"
"Pedido 12070","11/12/2025","2917","67226","11","3806.9482758621","0","3806.9482758621","215","4416.06"
"Pedido 12070","11/12/2025","2917","67003","1","298.99137931034","0","298.99137931034","175.77","346.83"
"Pedido 12069","11/12/2025","2808","67000","1","200.9224137931","0","200.9224137931","94.93","233.07"
"Pedido 12070","11/12/2025","2917","67374","7","3198.1551724138","0","3198.1551724138","221.63","3709.86"
"Pedido 12069","11/12/2025","2808","6713J","2","1786.1724137931","0","1786.1724137931","562.19","2071.96"
"Pedido 12070","11/12/2025","2917","67004","18","6106.5","0","6106.5","206.54","7083.54"
"Pedido 12078","11/18/2025","2808","6713H","3","1980.8275862069","0","1980.8275862069","476","2297.76"
"Pedido 12078","11/18/2025","2808","671BT","1","475.09482758621","0","475.09482758621","332.92","551.11"
"Pedido 12078","11/18/2025","2808","67703","1","395.13793103448","0","395.13793103448","360.22","458.36"
"Pedido 12078","11/18/2025","2808","67000","2","299.8275862069","0","299.8275862069","94.93","347.8"
"Pedido 12078","11/18/2025","2808","6713J","3","2313.0517241379","0","2313.0517241379","562.19","2683.14"
"Pedido 12078","11/18/2025","2808","671BS","1","510.55172413793","0","510.55172413793","358.41","592.24"
"Pedido 12081","11/19/2025","2917","67374","17","5422.1206896552","0","5422.1206896552","221.63","6289.66"
"Pedido 12081","11/19/2025","2917","67374","1","352.63793103448","0","352.63793103448","221.63","409.06"
"Pedido 12081","11/19/2025","2917","67226","2","664.24137931034","0","664.24137931034","215","770.52"
"Pedido 12081","11/19/2025","2917","67404","25","8282.1120689655","0","8282.1120689655","434.32","9607.25"
"Pedido 12081","11/19/2025","2917","67003","3","989.53448275862","0","989.53448275862","175.77","1147.86"
"Pedido 12081","11/19/2025","2917","67374","3","1122.3620689655","0","1122.3620689655","221.63","1301.94"
"Pedido 12081","11/19/2025","2917","67374","1","456.87931034483","0","456.87931034483","221.63","529.98"
"Pedido 12081","11/19/2025","2917","67004","2","774.96551724138","0","774.96551724138","206.54","898.96"
"Pedido 12081","11/19/2025","2917","67004","25","7878.2327586207","0","7878.2327586207","206.54","9138.75"
"Pedido 12081","11/19/2025","2917","67004","1","339.25","0","339.25","206.54","393.53"
"Pedido 12092","11/24/2025","2808","67000","1","149.91379310345","0","149.91379310345","94.93","173.9"
"Pedido 12113","11/30/2025","2917","67402","2","925.91379310345","0","925.91379310345","344.5","1074.06"
"Pedido 12113","11/30/2025","2917","67002","4","881.72413793103","0","881.72413793103","148.2","1022.8"
"Pedido 12113","11/30/2025","2917","67002","2","556.24137931034","0","556.24137931034","148.2","645.24"
"Pedido 12113","11/30/2025","2917","67002","5","1377.6724137931","0","1377.6724137931","148.2","1598.1"
"Pedido 12113","11/30/2025","2917","67404","4","2606.6551724138","0","2606.6551724138","434.32","3023.72"
"Pedido 12111","11/30/2025","2808","67000","1","149.91379310345","0","149.91379310345","94.93","173.9"
"Pedido 12111","11/30/2025","2808","67837","1","544.46551724138","0","544.46551724138","454.19","631.58"
"Pedido 12113","11/30/2025","2917","67374","2","1165.0862068966","0","1165.0862068966","221.63","1351.5"
"Pedido 12113","11/30/2025","2917","67374","50","18706.034482759","0","18706.034482759","221.63","21699"
"Pedido 12113","11/30/2025","2917","67004","10","3151.2931034483","0","3151.2931034483","206.54","3655.5"
"Pedido 12113","11/30/2025","2917","67004","2","678.5","0","678.5","206.54","787.06"
"Pedido 12114","12/2/2025","2808","67000","1","149.91379310345","0","149.91379310345","94.93","173.9"
"Pedido 12114","12/2/2025","2808","67000","1","195.39655172414","0","195.39655172414","94.93","226.66"
"Pedido 12115","12/3/2025","2814","67615","2","1642.5","0","1642.5","584.92","1905.3"
"Pedido 12115","12/3/2025","2814","67615","1","829.00862068966","0","829.00862068966","584.92","961.65"
"Pedido 12116","12/3/2025","2808","67000","1","149.91379310345","0","149.91379310345","94.93","173.9"
"Pedido 12121","12/5/2025","2917","67404","2","1303.3275862069","0","1303.3275862069","434.32","1511.86"
"Pedido 12121","12/5/2025","2917","67003","1","351.87931034483","0","351.87931034483","175.77","408.18"
"Pedido 12119","12/5/2025","2808","67004","2","792.43103448276","0","792.43103448276","206.54","919.22"
"Pedido 12143","12/17/2025","2917","67374","125","41937.5","0","41937.5","221.63","48647.5"
"Pedido 12143","12/17/2025","2917","67404","3","1954.9913793103","0","1954.9913793103","434.32","2267.79"
"Pedido 12143","12/17/2025","2917","67003","13","1940.9224137931","0","1940.9224137931","175.77","2251.47"
"Pedido 12146","12/19/2025","2917","67374","2","913.75862068966","0","913.75862068966","221.63","1059.96"
"Pedido 12146","12/19/2025","2917","67003","10","1493.0172413793","0","1493.0172413793","175.77","1731.9"
"Pedido 12146","12/19/2025","2917","67003","71","18422.051724138","0","18422.051724138","175.77","21369.58"
"Pedido 12146","12/19/2025","2917","67404","1","651.66379310345","0","651.66379310345","434.32","755.93"
"Pedido 12152","12/22/2025","2808","67003","1","362.41379310345","0","362.41379310345","175.77","420.4"
"Pedido 12154","12/22/2025","2917","67404","1","651.66379310345","0","651.66379310345","434.32","755.93"
"Pedido 12152","12/22/2025","2808","67000","1","194.30172413793","0","194.30172413793","94.93","225.39"
"Pedido 12152","12/22/2025","2808","67003","1","388.79310344828","0","388.79310344828","175.77","451"
"Pedido 12154","12/22/2025","2917","67374","7","3198.1551724138","0","3198.1551724138","221.63","3709.86"
"Pedido 12157","12/26/2025","2808","67003","16","4151.4482758621","0","4151.4482758621","175.77","4815.68"
"Pedido 12159","12/29/2025","2808","671BU","1","868.63793103448","0","868.63793103448","423.19","1007.62"
"Pedido 12160","12/29/2025","2917","67404","9","5864.974137931","0","5864.974137931","434.32","6803.37"
"Pedido 12167","1/6/2026","2917","67930","1","504.39655172414","0","504.39655172414","371.49","585.1"
"Pedido 12172","1/7/2026","2808","67922","1","702.53448275862","0","702.53448275862","380.67","814.94"
"Pedido 12172","1/7/2026","2808","67404","1","477.30172413793","0","477.30172413793","434.32","553.67"
"Pedido 12172","1/7/2026","2808","6713F","1","1095.9655172414","0","1095.9655172414","698.18","1271.32"
"Pedido 12172","1/7/2026","2808","67224","1","230.37931034483","0","230.37931034483","161.21","267.24"
"Pedido 12174","1/8/2026","2808","67703","1","434.26724137931","0","434.26724137931","360.22","503.75"
"Pedido 12188","1/14/2026","2917","67404","1","713.00862068966","0","713.00862068966","434.32","827.09"
"Pedido 12188","1/14/2026","2917","67404","1","756.09482758621","0","756.09482758621","434.32","877.07"
"Pedido 12190","1/15/2026","2808","67224","1","233.20689655172","0","233.20689655172","161.21","270.52"
"Pedido 12194","1/19/2026","2808","67000","2","261.75862068966","0","261.75862068966","94.93","303.64"
"Pedido 12194","1/19/2026","2808","67001","1","152.80172413793","0","152.80172413793","115.71","177.25"
"Pedido 12194","1/19/2026","2808","67224","1","233.20689655172","0","233.20689655172","161.21","270.52"
"Pedido 12196","1/20/2026","2808","67004","3","717.20689655172","0","717.20689655172","206.54","831.96"
"Pedido 12196","1/20/2026","2808","67224","2","387.8275862069","0","387.8275862069","161.21","449.88"
"Pedido 12200","1/21/2026","2814","67631","1","717.62068965517","0","717.62068965517","495.23","832.44"
"Pedido 12199","1/21/2026","2808","67000","2","478.13793103448","0","478.13793103448","94.93","554.64"
"Pedido 12203","1/22/2026","2808","67002","1","199.19827586207","0","199.19827586207","148.2","231.07"
"Pedido 12216","1/22/2026","2808","67004","2","478.13793103448","0","478.13793103448","206.54","554.64"
"Pedido 12216","1/22/2026","2808","67224","3","581.74137931034","0","581.74137931034","161.21","674.82"
"Pedido 12203","1/22/2026","2808","67004","3","717.20689655172","0","717.20689655172","206.54","831.96"
"Pedido 12217","1/26/2026","2808","67002","7","1394.3879310345","0","1394.3879310345","148.2","1617.49"
"Pedido 12217","1/26/2026","2808","67224","3","581.74137931034","0","581.74137931034","161.21","674.82"
"Pedido 12220","1/27/2026","2917","67404","2","1114.5862068966","0","1114.5862068966","434.32","1292.92"
"Pedido 12219","1/27/2026","2808","67002","7","1394.3879310345","0","1394.3879310345","148.2","1617.49"
"Pedido 12243","1/30/2026","2808","67224","1","193.91379310345","0","193.91379310345","161.21","224.94"
"Pedido 12255","2/3/2026","2917","67404","1","557.29310344828","0","557.29310344828","434.32","646.46"
"Pedido 12255","2/3/2026","2917","67930","5","1148.8362068966","0","1148.8362068966","371.49","1332.65"
"Pedido 12289","2/12/2026","2917","67404","2","1012.3965517241","0","1012.3965517241","434.32","1174.38"
"Pedido 12289","2/12/2026","2917","67631","3","1803.0517241379","0","1803.0517241379","495.23","2091.54"
"Pedido 12289","2/12/2026","2917","67930","1","397.45689655172","0","397.45689655172","371.49","461.05"
"Pedido 12299","2/18/2026","2808","67726","2","1586.9827586207","0","1586.9827586207","408.7","1840.9"
"Pedido 12301","2/18/2026","2917","67003","6","1531.6034482759","0","1531.6034482759","175.77","1776.66"
"Pedido 12301","2/18/2026","2917","67002","5","1357.6293103448","0","1357.6293103448","148.2","1574.85"
"Pedido 12301","2/18/2026","2917","67404","1","506.19827586207","0","506.19827586207","434.32","587.19"
"Pedido 12301","2/18/2026","2917","67000","5","669.26724137931","0","669.26724137931","94.93","776.35"
"Pedido 12299","2/18/2026","2808","69051","1","777.18103448276","0","777.18103448276","743.53","901.53"
"Pedido 12299","2/18/2026","2808","6713J","1","623.20689655172","0","623.20689655172","562.19","722.92"
"Pedido 12306","2/19/2026","2917","67000","1","133.85344827586","0","133.85344827586","94.93","155.27"
"Pedido 12306","2/19/2026","2917","67003","2","510.53448275862","0","510.53448275862","175.77","592.22"
"Pedido 12306","2/19/2026","2917","67002","1","271.52586206897","0","271.52586206897","148.2","314.97"
"Pedido 12306","2/19/2026","2917","67004","1","333.25","0","333.25","206.54","386.57"
"Pedido 12309","2/20/2026","2808","6713J","1","623.20689655172","0","623.20689655172","562.19","722.92"
"Pedido 12309","2/20/2026","2808","67001","1","152.61206896552","0","152.61206896552","115.71","177.03"
"Pedido 12314","2/23/2026","2808","671BU","2","953.13793103448","0","953.13793103448","423.19","1105.64"
"Pedido 12315","2/23/2026","2917","67404","1","506.19827586207","0","506.19827586207","434.32","587.19"
"Pedido 12315","2/23/2026","2917","67002","4","1086.1034482759","0","1086.1034482759","148.2","1259.88"
"Pedido 12320","2/24/2026","2917","67002","2","543.05172413793","0","543.05172413793","148.2","629.94"
"Pedido 12319","2/24/2026","2808","6713J","2","1246.4137931034","0","1246.4137931034","562.19","1445.84"
"Pedido 12322","2/25/2026","2917","67002","1","198.95689655172","0","198.95689655172","148.2","230.79"
"Pedido 12321","2/25/2026","2808","69051","1","777.18103448276","0","777.18103448276","743.53","901.53"
"Pedido 12321","2/25/2026","2808","6713J","1","623.20689655172","0","623.20689655172","562.19","722.92"
"Pedido 12322","2/25/2026","2917","67004","4","956.27586206897","0","956.27586206897","206.54","1109.28"
"Pedido 12326","2/26/2026","2917","67002","5","1053.6637931034","0","1053.6637931034","148.2","1222.25"
"Pedido 12325","2/26/2026","2808","69051","1","777.18103448276","0","777.18103448276","743.53","901.53"
"Pedido 12326","2/26/2026","2917","67374","1","394.84482758621","0","394.84482758621","221.63","458.02"
"Pedido 12326","2/26/2026","2917","67002","2","397.91379310345","0","397.91379310345","148.2","461.58"
"Pedido 12326","2/26/2026","2917","67004","2","478.13793103448","0","478.13793103448","206.54","554.64"
"Pedido 12331","2/27/2026","2808","69051","3","2331.5431034483","0","2331.5431034483","743.53","2704.59"
"Pedido 12336","3/2/2026","2808","69051","1","777.18103448276","0","777.18103448276","743.53","901.53"
"Pedido 12336","3/2/2026","2808","6713J","2","1246.4137931034","0","1246.4137931034","562.19","1445.84"
"Pedido 12336","3/2/2026","2808","67001","1","152.61206896552","0","152.61206896552","115.71","177.03"
"Pedido 12338","3/3/2026","2917","67374","2","789.68965517241","0","789.68965517241","221.63","916.04"
"Pedido 12338","3/3/2026","2917","67404","1","506.19827586207","0","506.19827586207","434.32","587.19"
"Pedido 12338","3/3/2026","2917","67002","24","5057.5862068966","0","5057.5862068966","148.2","5866.8"
"Pedido 12338","3/3/2026","2917","67002","31","6175.1465517241","0","6175.1465517241","148.2","7163.17"
"Pedido 12348","3/3/2026","2917","67002","1","210.73275862069","0","210.73275862069","148.2","244.45"
"Pedido 12348","3/3/2026","2917","67002","6","1411.4482758621","0","1411.4482758621","148.2","1637.28"
"Pedido 12338","3/3/2026","2917","67002","1","289.28448275862","0","289.28448275862","148.2","335.57"
"Pedido 12338","3/3/2026","2917","67002","1","235.24137931034","0","235.24137931034","148.2","272.88"
"Pedido 12337","3/3/2026","2808","69051","1","777.18103448276","0","777.18103448276","743.53","901.53"
"Pedido 12337","3/3/2026","2808","6713J","1","623.20689655172","0","623.20689655172","562.19","722.92"
"Pedido 12348","3/3/2026","2917","67004","6","1434.4137931034","0","1434.4137931034","206.54","1663.92"
"Pedido 12338","3/3/2026","2917","67004","1","239.06896551724","0","239.06896551724","206.54","277.32"
"Pedido 12348","3/3/2026","2917","67930","1","397.45689655172","0","397.45689655172","371.49","461.05"
"Pedido 12349","3/4/2026","2917","67004","19","4542.3103448276","0","4542.3103448276","206.54","5269.08"
"Pedido 12353","3/5/2026","2808","6713J","1","623.20689655172","0","623.20689655172","562.19","722.92"
"Pedido 12366","3/9/2026","2917","67374","1","321.39655172414","0","321.39655172414","221.63","372.82"
"Pedido 12366","3/9/2026","2917","67404","2","1012.3965517241","0","1012.3965517241","434.32","1174.38"
"Pedido 12375","3/9/2026","2917","67002","5","1176.2068965517","0","1176.2068965517","148.2","1364.4"
"Pedido 12365","3/9/2026","2808","69051","1","777.18103448276","0","777.18103448276","743.53","901.53"
"Pedido 12365","3/9/2026","2808","69076","1","777.18103448276","0","777.18103448276","839.64","901.53"
"Pedido 12366","3/9/2026","2917","67002","1","210.73275862069","0","210.73275862069","148.2","244.45"
"Pedido 12366","3/9/2026","2917","67002","22","5175.3103448276","0","5175.3103448276","148.2","6003.36"
"Pedido 12375","3/9/2026","2917","67374","2","642.79310344828","0","642.79310344828","221.63","745.64"
"Pedido 12366","3/9/2026","2917","67004","27","6454.8620689655","0","6454.8620689655","206.54","7487.64"
"Pedido 12365","3/9/2026","2808","6713J","5","3116.0344827586","0","3116.0344827586","562.19","3614.6"
"Pedido 12359","3/9/2026","2808","6713J","2","1246.4137931034","0","1246.4137931034","562.19","1445.84"
"Pedido 12345","3/10/2026","2808","67615","1","710.79310344828","0","710.79310344828","584.92","824.52"
"Pedido 12345","3/10/2026","2808","6713J","3","1869.6206896552","0","1869.6206896552","562.19","2168.76"
"Pedido 12383","3/11/2026","2814","67726","1","512.47413793103","0","512.47413793103","408.7","594.47"
"Pedido 12383","3/11/2026","2814","67000","1","194.12931034483","0","194.12931034483","94.93","225.19"
"Pedido 12394","3/12/2026","2808","67004","1","239.06896551724","0","239.06896551724","206.54","277.32"
"Pedido 12393","3/12/2026","2917","67374","1","321.39655172414","0","321.39655172414","221.63","372.82"
"Pedido 12401","3/13/2026","2808","67004","4","956.27586206897","0","956.27586206897","206.54","1109.28"
"Pedido 12410","3/17/2026","2917","67374","2","642.79310344828","0","642.79310344828","221.63","745.64"
"Pedido 12410","3/17/2026","2917","67404","1","454.5","0","454.5","434.32","527.22"
"Pedido 12406","3/17/2026","2808","67002","3","705.72413793103","0","705.72413793103","148.2","818.64"
"Pedido 12410","3/17/2026","2917","67000","7","881.27586206897","0","881.27586206897","94.93","1022.28"
"Pedido 12406","3/17/2026","2808","67004","14","3346.9655172414","0","3346.9655172414","206.54","3882.48"
"Pedido 12413","3/18/2026","2808","67002","1","235.24137931034","0","235.24137931034","148.2","272.88"
"Pedido 12413","3/18/2026","2808","67004","5","1195.3448275862","0","1195.3448275862","206.54","1386.6"
"Pedido 12418","3/20/2026","2808","67002","1","235.24137931034","0","235.24137931034","148.2","272.88"
"Pedido 12418","3/20/2026","2808","67004","13","3107.8965517241","0","3107.8965517241","206.54","3605.16"
"Pedido 12424","3/23/2026","2808","671BU","1","476.5775862069","0","476.5775862069","423.19","552.83"
"Pedido 12424","3/23/2026","2808","67002","8","1881.9310344828","0","1881.9310344828","148.2","2183.04"
"Pedido 12424","3/23/2026","2808","67004","10","2390.6896551724","0","2390.6896551724","206.54","2773.2"
"Pedido 12432","3/24/2026","2917","67404","1","454.5","0","454.5","434.32","527.22"
"Pedido 12432","3/24/2026","2917","67000","3","377.68965517241","0","377.68965517241","94.93","438.12"
"Pedido 12432","3/24/2026","2917","67003","3","741.23275862069","0","741.23275862069","175.77","859.83"
"Pedido 12430","3/24/2026","2808","67002","7","1646.6896551724","0","1646.6896551724","148.2","1910.16"
"Pedido 12432","3/24/2026","2917","67374","5","1606.9827586207","0","1606.9827586207","221.63","1864.1"
"Pedido 12430","3/24/2026","2808","67004","16","3825.1034482759","0","3825.1034482759","206.54","4437.12"
"Pedido 12432","3/24/2026","2917","67930","1","397.45689655172","0","397.45689655172","371.49","461.05"
"Pedido 12440","3/25/2026","2808","69078","1","1418.9655172414","0","1418.9655172414","974.23","1646"
"Pedido 12440","3/25/2026","2808","67002","8","1881.9310344828","0","1881.9310344828","148.2","2183.04"
"Pedido 12440","3/25/2026","2808","67004","9","2151.6206896552","0","2151.6206896552","206.54","2495.88"
"Pedido 12445","3/26/2026","2814","67402","1","589.25862068966","0","589.25862068966","344.5","683.54"
"Pedido 12444","3/26/2026","2808","6713H","1","764.40517241379","0","764.40517241379","476","886.71"
"Pedido 12444","3/26/2026","2808","67002","5","1174.525862069","0","1174.525862069","148.2","1362.45"
"Pedido 12443","3/26/2026","2917","67631","3","1803.0517241379","0","1803.0517241379","495.23","2091.54"
"Pedido 12444","3/26/2026","2808","67004","12","2868.8275862069","0","2868.8275862069","206.54","3327.84"
"Pedido 12449","3/27/2026","2917","67404","3","1363.5","0","1363.5","434.32","1581.66"
"Pedido 12449","3/27/2026","2917","67003","13","3212.0086206897","0","3212.0086206897","175.77","3725.93"
"Pedido 12447","3/27/2026","2808","67002","1","235.24137931034","0","235.24137931034","148.2","272.88"
"Pedido 12449","3/27/2026","2917","67374","2","642.79310344828","0","642.79310344828","221.63","745.64"
"Pedido 12447","3/27/2026","2808","67004","6","1999.5","0","1999.5","206.54","2319.42"
"Pedido 12456","3/30/2026","2808","69146","1","1594.6982758621","0","1594.6982758621","1170.5","1849.85"
"Pedido 12458","3/30/2026","2917","67404","6","2727","0","2727","434.32","3163.32"
"Pedido 12456","3/30/2026","2808","67002","2","470.48275862069","0","470.48275862069","148.2","545.76"
"Pedido 12458","3/30/2026","2917","67000","3","377.68965517241","0","377.68965517241","94.93","438.12"
"Pedido 12458","3/30/2026","2917","67374","3","1067.0172413793","0","1067.0172413793","221.63","1237.74"
"Pedido 12458","3/30/2026","2917","67003","3","962.40517241379","0","962.40517241379","175.77","1116.39"
"Pedido 12456","3/30/2026","2808","67004","3","999.75","0","999.75","206.54","1159.71"
"Pedido 12465","3/31/2026","2808","6712Z","1","679.83620689655","0","679.83620689655","567.07","788.61"
"Pedido 12465","3/31/2026","2808","67703","1","554.98275862069","0","554.98275862069","360.22","643.78"
"Pedido 12466","3/31/2026","2917","67374","1","355.6724137931","0","355.6724137931","221.63","412.58"
"Pedido 12466","3/31/2026","2917","67404","5","2272.5","0","2272.5","434.32","2636.1"
"Pedido 12465","3/31/2026","2808","67002","3","705.72413793103","0","705.72413793103","148.2","818.64"
"Pedido 12465","3/31/2026","2808","67004","3","999.75","0","999.75","206.54","1159.71"
"Pedido 12477","4/1/2026","2917","67374","2","711.34482758621","0","711.34482758621","221.63","825.16"
"Pedido 12477","4/1/2026","2917","67404","2","909","0","909","434.32","1054.44"
"Pedido 12475","4/1/2026","2814","67002","2","501.37068965517","0","501.37068965517","148.2","581.59"
"Pedido 12474","4/1/2026","2808","67004","2","666.5","0","666.5","206.54","773.14"
"Pedido 12480","4/6/2026","2814","67631","3","2152.8620689655","0","2152.8620689655","495.23","2497.32"
"Pedido 12479","4/6/2026","2808","67004","10","2390.6896551724","0","2390.6896551724","206.54","2773.2"
"Pedido 12485","4/7/2026","2814","67002","1","250.68103448276","0","250.68103448276","148.2","290.79"
"Pedido 12486","4/7/2026","2808","67004","10","2390.6896551724","0","2390.6896551724","206.54","2773.2"
"Pedido 12487","4/8/2026","2917","67404","3","1363.5","0","1363.5","434.32","1581.66"
"Pedido 12487","4/8/2026","2917","67000","1","125.89655172414","0","125.89655172414","94.93","146.04"
"Pedido 12487","4/8/2026","2917","67374","70","19412.327586207","0","19412.327586207","221.63","22518.3"
"Pedido 12497","4/9/2026","2808","67004","5","1195.3448275862","0","1195.3448275862","206.54","1386.6"
"Pedido 12499","4/9/2026","2808","67004","2","478.13793103448","0","478.13793103448","206.54","554.64"
"Pedido 12509","4/10/2026","2808","67225","1","328.64655172414","0","328.64655172414","197.92","381.23"
"Pedido 12513","4/10/2026","2808","6713H","1","753.62931034483","0","753.62931034483","476","874.21"
"Pedido 12511","4/10/2026","2917","67000","4","503.58620689655","0","503.58620689655","94.93","584.16"
"Pedido 12511","4/10/2026","2917","67374","34","9428.8448275862","0","9428.8448275862","221.63","10937.46"
"Pedido 12513","4/10/2026","2808","67004","1","239.06896551724","0","239.06896551724","206.54","277.32"
"Pedido 12509","4/10/2026","2808","67004","3","717.20689655172","0","717.20689655172","206.54","831.96"
"Pedido 12516","4/13/2026","2808","6713H","1","753.62931034483","0","753.62931034483","476","874.21"
"Pedido 12516","4/13/2026","2808","67374","1","277.31896551724","0","277.31896551724","221.63","321.69"
"Pedido 12517","4/13/2026","2814","67002","2","501.36206896552","0","501.36206896552","148.2","581.58"
"Pedido 12516","4/13/2026","2808","67004","11","2629.7586206897","0","2629.7586206897","206.54","3050.52"
"Pedido 12517","4/13/2026","2814","67680","2","546.30172413793","0","546.30172413793","181.07","633.71"
"Pedido 12519","4/14/2026","2808","6712Z","1","679.83620689655","0","679.83620689655","567.07","788.61"
"Pedido 12519","4/14/2026","2808","6713H","1","753.62931034483","0","753.62931034483","476","874.21"
"Pedido 12519","4/14/2026","2808","67374","3","831.95689655172","0","831.95689655172","221.63","965.07"
"Pedido 12524","4/15/2026","2808","6713H","1","753.62931034483","0","753.62931034483","476","874.21"
"Pedido 12524","4/15/2026","2808","67374","6","1663.9137931034","0","1663.9137931034","221.63","1930.14"
"Pedido 12524","4/15/2026","2808","67004","4","956.27586206897","0","956.27586206897","206.54","1109.28"
"Pedido 12529","4/16/2026","2808","67374","6","1663.9137931034","0","1663.9137931034","221.63","1930.14"
"Pedido 12529","4/16/2026","2808","67004","4","956.27586206897","0","956.27586206897","206.54","1109.28"
"Pedido 12534","4/17/2026","2808","67374","2","554.63793103448","0","554.63793103448","221.63","643.38"
"Pedido 12534","4/17/2026","2808","67004","4","956.27586206897","0","956.27586206897","206.54","1109.28"
"Pedido 12540","4/21/2026","2808","67374","3","831.95689655172","0","831.95689655172","221.63","965.07"
"Pedido 12540","4/21/2026","2808","67631","1","618.39655172414","0","618.39655172414","495.23","717.34"
"Pedido 12540","4/21/2026","2808","67004","12","2868.8275862069","0","2868.8275862069","206.54","3327.84"
"Pedido 12544","4/22/2026","2808","67374","1","277.31896551724","0","277.31896551724","221.63","321.69"
"Pedido 12544","4/22/2026","2808","67631","2","1236.7931034483","0","1236.7931034483","495.23","1434.68"
"Pedido 12544","4/22/2026","2808","67004","11","2629.7586206897","0","2629.7586206897","206.54","3050.52"
"Pedido 12550","4/23/2026","2808","6713H","1","758.51724137931","0","758.51724137931","476","879.88"
"Pedido 12550","4/23/2026","2808","67374","9","2530.6293103448","0","2530.6293103448","221.63","2935.53"
"Pedido 12550","4/23/2026","2808","67004","4","970.86206896552","0","970.86206896552","206.54","1126.2"
"Pedido 12555","4/24/2026","2808","67225","1","331.60344827586","0","331.60344827586","197.92","384.66"
"Pedido 12555","4/24/2026","2808","67374","2","562.36206896552","0","562.36206896552","221.63","652.34"
"Pedido 12555","4/24/2026","2808","67004","6","1456.2931034483","0","1456.2931034483","206.54","1689.3"
"Pedido 12561","4/28/2026","2808","6713H","1","758.51724137931","0","758.51724137931","476","879.88"
"Pedido 12561","4/28/2026","2808","67631","2","1245.1724137931","0","1245.1724137931","495.23","1444.4"
"Pedido 12561","4/28/2026","2808","67374","12","3421.5517241379","0","3421.5517241379","221.63","3969"
"Pedido 12561","4/28/2026","2808","67004","15","3640.7327586207","0","3640.7327586207","206.54","4223.25"
"Pedido 12561","4/28/2026","2808","67374","11","2905.1379310345","0","2905.1379310345","221.63","3369.96"
"Pedido 12567","4/29/2026","2808","6713H","1","758.51724137931","0","758.51724137931","476","879.88"
"Pedido 12567","4/29/2026","2808","67374","4","1056.4137931034","0","1056.4137931034","221.63","1225.44"
"Pedido 12567","4/29/2026","2808","67004","1","242.71551724138","0","242.71551724138","206.54","281.55"
"Pedido 12568","4/30/2026","2808","6713H","1","758.51724137931","0","758.51724137931","476","879.88"
"Pedido 12537","4/30/2026","2808","6713H","1","753.62931034483","0","753.62931034483","476","874.21"
"Pedido 12537","4/30/2026","2808","67631","1","618.39655172414","0","618.39655172414","495.23","717.34"
"Pedido 12537","4/30/2026","2808","67374","11","3050.5086206897","0","3050.5086206897","221.63","3538.59"
"Pedido 12568","4/30/2026","2808","67374","4","1056.4137931034","0","1056.4137931034","221.63","1225.44"
"Pedido 12568","4/30/2026","2808","67004","2","485.43103448276","0","485.43103448276","206.54","563.1"
"Pedido 12537","4/30/2026","2808","67004","9","2151.6206896552","0","2151.6206896552","206.54","2495.88"
"Pedido 12575","5/4/2026","2808","6713H","1","758.51724137931","0","758.51724137931","476","879.88"
"Pedido 12575","5/4/2026","2808","67374","7","1848.724137931","0","1848.724137931","221.63","2144.52"
"Pedido 12575","5/4/2026","2808","67004","10","2427.1551724138","0","2427.1551724138","206.54","2815.5"
"Pedido 12583","5/5/2026","2808","67003","8","2160.7586206897","0","2160.7586206897","175.77","2506.48"
"Pedido 12583","5/5/2026","2808","67000","6","755.37931034483","0","755.37931034483","94.93","876.24"
"Pedido 12583","5/5/2026","2808","67000","11","1427.3448275862","0","1427.3448275862","94.93","1655.72"
"Pedido 12583","5/5/2026","2808","67004","1","239.06896551724","0","239.06896551724","206.54","277.32"
"Pedido 12588","5/8/2026","2808","6712Z","2","1368.775862069","0","1368.775862069","567.07","1587.78"
"Pedido 12588","5/8/2026","2808","6713H","1","758.51724137931","0","758.51724137931","476","879.88"
"Pedido 12591","5/8/2026","2808","6713H","1","758.51724137931","0","758.51724137931","476","879.88"
"Pedido 12590","5/8/2026","2814","67615","1","829.00862068966","0","829.00862068966","584.92","961.65"
"Pedido 12591","5/8/2026","2808","67004","3","728.14655172414","0","728.14655172414","206.54","844.65"
"Pedido 12588","5/8/2026","2808","67374","3","792.31034482759","0","792.31034482759","221.63","919.08"
"Pedido 12588","5/8/2026","2808","67004","12","2912.5862068966","0","2912.5862068966","206.54","3378.6"
"Pedido 12593","5/11/2026","2808","6712Z","1","684.38793103448","0","684.38793103448","567.07","793.89"
"Pedido 12593","5/11/2026","2808","6713H","1","758.51724137931","0","758.51724137931","476","879.88"
"Pedido 12595","5/11/2026","3093","67374","10","2646.724137931","0","2646.724137931","221.63","3070.2"
"Pedido 12595","5/11/2026","3093","67003","1","251.40517241379","0","251.40517241379","175.77","291.63"
"Pedido 12595","5/11/2026","3093","67002","10","2116.0344827586","0","2116.0344827586","148.2","2454.6"
"Pedido 12595","5/11/2026","3093","67000","2","303.79310344828","0","303.79310344828","94.93","352.4"
"Pedido 12595","5/11/2026","3093","67374","1","264.15517241379","0","264.15517241379","221.63","306.42"
"Pedido 12594","5/11/2026","2917","67000","6","778.55172413793","0","778.55172413793","94.93","903.12"
"Pedido 12595","5/11/2026","3093","67374","2","524.1724137931","0","524.1724137931","221.63","608.04"
"Pedido 12593","5/11/2026","2808","67004","6","1456.2931034483","0","1456.2931034483","206.54","1689.3"
"Pedido 12595","5/11/2026","3093","67004","2","497.63793103448","0","497.63793103448","206.54","577.26"
"Pedido 12595","5/11/2026","3093","67004","5","1257.025862069","0","1257.025862069","206.54","1458.15"
"Pedido 12611","5/31/2026","2808","67402","1","415.39655172414","0","415.39655172414","344.5","481.86"
"Pedido 12611","5/31/2026","2808","6713H","5","3792.5862068966","0","3792.5862068966","476","4399.4"
"Pedido 12611","5/31/2026","2808","69146","1","1604.6896551724","0","1604.6896551724","1170.5","1861.44"
"Pedido 12611","5/31/2026","2808","67402","1","585.93103448276","0","585.93103448276","344.5","679.68"
"Pedido 12614","5/31/2026","3093","67374","1","357.53448275862","0","357.53448275862","221.63","414.74"
"Pedido 12614","5/31/2026","3093","67374","1","357.53448275862","0","357.53448275862","221.63","414.74"
"Pedido 12611","5/31/2026","2808","67374","2","497.58620689655","0","497.58620689655","221.63","577.2"
"Pedido 12611","5/31/2026","2808","67374","2","567.01724137931","0","567.01724137931","221.63","657.74"
"Pedido 12614","5/31/2026","3093","67002","1","211.60344827586","0","211.60344827586","148.2","245.46"
"Pedido 12614","5/31/2026","3093","67002","1","228.10344827586","0","228.10344827586","148.2","264.6"
"Pedido 12612","5/31/2026","2814","67002","1","280.1724137931","0","280.1724137931","148.2","325"
"Pedido 12614","5/31/2026","3093","67002","1","195.01724137931","0","195.01724137931","148.2","226.22"
"Pedido 12614","5/31/2026","3093","67000","1","148.84482758621","0","148.84482758621","94.93","172.66"
"Pedido 12614","5/31/2026","3093","67002","1","209.06896551724","0","209.06896551724","148.2","242.52"
"Pedido 12614","5/31/2026","3093","67002","1","228.10344827586","0","228.10344827586","148.2","264.6"
"Pedido 12613","5/31/2026","2917","67000","1","129.75862068966","0","129.75862068966","94.93","150.52"
"Pedido 12614","5/31/2026","3093","67002","1","228.10344827586","0","228.10344827586","148.2","264.6"
"Pedido 12614","5/31/2026","3093","67002","1","256.70689655172","0","256.70689655172","148.2","297.78"
"Pedido 12614","5/31/2026","3093","67002","1","230.13793103448","0","230.13793103448","148.2","266.96"
"Pedido 12613","5/31/2026","2917","67000","1","129.75862068966","0","129.75862068966","94.93","150.52"
"Pedido 12614","5/31/2026","3093","67002","1","228.10344827586","0","228.10344827586","148.2","264.6"
"Pedido 12613","5/31/2026","2917","67003","1","203.38793103448","0","203.38793103448","175.77","235.93"
"Pedido 12613","5/31/2026","2917","67000","1","129.75862068966","0","129.75862068966","94.93","150.52"
"Pedido 12614","5/31/2026","3093","67002","1","228.10344827586","0","228.10344827586","148.2","264.6"
"Pedido 12614","5/31/2026","3093","67000","1","151.89655172414","0","151.89655172414","94.93","176.2"
"Pedido 12613","5/31/2026","2917","67000","1","129.75862068966","0","129.75862068966","94.93","150.52"
"Pedido 12614","5/31/2026","3093","67002","1","211.60344827586","0","211.60344827586","148.2","245.46"
"Pedido 12613","5/31/2026","2917","67003","1","249.37068965517","0","249.37068965517","175.77","289.27"
"Pedido 12614","5/31/2026","3093","67000","1","163.74137931034","0","163.74137931034","94.93","189.94"
"Pedido 12613","5/31/2026","2917","67003","1","203.38793103448","0","203.38793103448","175.77","235.93"
"Pedido 12614","5/31/2026","3093","67002","1","211.60344827586","0","211.60344827586","148.2","245.46"
"Pedido 12613","5/31/2026","2917","67003","1","249.37068965517","0","249.37068965517","175.77","289.27"
"Pedido 12614","5/31/2026","3093","67002","1","211.60344827586","0","211.60344827586","148.2","245.46"
"Pedido 12614","5/31/2026","3093","67003","1","251.40517241379","0","251.40517241379","175.77","291.63"
"Pedido 12613","5/31/2026","2917","67000","1","129.75862068966","0","129.75862068966","94.93","150.52"
"Pedido 12614","5/31/2026","3093","67002","1","208.03448275862","0","208.03448275862","148.2","241.32"
"Pedido 12613","5/31/2026","2917","67000","1","129.75862068966","0","129.75862068966","94.93","150.52"
"Pedido 12614","5/31/2026","3093","67002","1","256.70689655172","0","256.70689655172","148.2","297.78"
"Pedido 12614","5/31/2026","3093","67002","1","211.60344827586","0","211.60344827586","148.2","245.46"
"Pedido 12614","5/31/2026","3093","67002","1","228.10344827586","0","228.10344827586","148.2","264.6"
"Pedido 12613","5/31/2026","2917","67003","2","403.44827586207","0","403.44827586207","175.77","468"
"Pedido 12614","5/31/2026","3093","67002","1","228.10344827586","0","228.10344827586","148.2","264.6"
"Pedido 12613","5/31/2026","2917","67000","1","129.75862068966","0","129.75862068966","94.93","150.52"
"Pedido 12613","5/31/2026","2917","67000","1","129.75862068966","0","129.75862068966","94.93","150.52"
"Pedido 12614","5/31/2026","3093","67002","1","228.10344827586","0","228.10344827586","148.2","264.6"
"Pedido 12613","5/31/2026","2917","67000","1","129.75862068966","0","129.75862068966","94.93","150.52"
"Pedido 12613","5/31/2026","2917","67000","1","129.75862068966","0","129.75862068966","94.93","150.52"
"Pedido 12613","5/31/2026","2917","67000","2","259.51724137931","0","259.51724137931","94.93","301.04"
"Pedido 12614","5/31/2026","3093","67000","1","163.74137931034","0","163.74137931034","94.93","189.94"
"Pedido 12613","5/31/2026","2917","67000","1","129.75862068966","0","129.75862068966","94.93","150.52"
"Pedido 12613","5/31/2026","2917","67003","1","203.38793103448","0","203.38793103448","175.77","235.93"
"Pedido 12614","5/31/2026","3093","67000","1","178.05172413793","0","178.05172413793","94.93","206.54"
"Pedido 12613","5/31/2026","2917","67000","1","133.87931034483","0","133.87931034483","94.93","155.3"
"Pedido 12614","5/31/2026","3093","67374","1","371.11206896552","0","371.11206896552","221.63","430.49"
"Pedido 12614","5/31/2026","3093","67374","1","357.53448275862","0","357.53448275862","221.63","414.74"
"Pedido 12614","5/31/2026","3093","67374","1","357.53448275862","0","357.53448275862","221.63","414.74"
"Pedido 12614","5/31/2026","3093","67374","1","357.53448275862","0","357.53448275862","221.63","414.74"
"Pedido 12614","5/31/2026","3093","67002","1","299.61206896552","0","299.61206896552","148.2","347.55"
"Pedido 12613","5/31/2026","2917","67000","1","129.75862068966","0","129.75862068966","94.93","150.52"
"Pedido 12613","5/31/2026","2917","67000","1","129.75862068966","0","129.75862068966","94.93","150.52"
"Pedido 12614","5/31/2026","3093","67002","1","228.10344827586","0","228.10344827586","148.2","264.6"
"Pedido 12614","5/31/2026","3093","67374","1","371.11206896552","0","371.11206896552","221.63","430.49"
"Pedido 12613","5/31/2026","2917","67000","1","129.75862068966","0","129.75862068966","94.93","150.52"
"Pedido 12613","5/31/2026","2917","67000","1","133.87931034483","0","133.87931034483","94.93","155.3"
"Pedido 12614","5/31/2026","3093","67374","1","357.53448275862","0","357.53448275862","221.63","414.74"
"Pedido 12614","5/31/2026","3093","67002","1","256.70689655172","0","256.70689655172","148.2","297.78"
"Pedido 12614","5/31/2026","3093","67002","1","299.61206896552","0","299.61206896552","148.2","347.55"
"Pedido 12614","5/31/2026","3093","67000","1","178.05172413793","0","178.05172413793","94.93","206.54"
"Pedido 12614","5/31/2026","3093","67374","1","357.53448275862","0","357.53448275862","221.63","414.74"
"Pedido 12614","5/31/2026","3093","67374","3","1113.3362068966","0","1113.3362068966","221.63","1291.47"
"Pedido 12614","5/31/2026","3093","67374","1","371.11206896552","0","371.11206896552","221.63","430.49"
"Pedido 12614","5/31/2026","3093","67001","1","164.65517241379","0","164.65517241379","115.71","191"
"Pedido 12614","5/31/2026","3093","67374","1","371.11206896552","0","371.11206896552","221.63","430.49"
"Pedido 12614","5/31/2026","3093","67004","2","497.51724137931","0","497.51724137931","206.54","577.12"
"Pedido 12614","5/31/2026","3093","67001","1","178.05172413793","0","178.05172413793","115.71","206.54"
"Pedido 12614","5/31/2026","3093","67001","3","748.68103448276","0","748.68103448276","115.71","868.47"
"Pedido 12614","5/31/2026","3093","67001","1","165.1724137931","0","165.1724137931","115.71","191.6"
"Pedido 12614","5/31/2026","3093","67001","1","249.56034482759","0","249.56034482759","115.71","289.49"
"Pedido 12611","5/31/2026","2808","67004","21","5097.025862069","0","5097.025862069","206.54","5912.55"
"Pedido 12611","5/31/2026","2808","67004","13","3016.7844827586","0","3016.7844827586","206.54","3499.47"
"Pedido 12614","5/31/2026","3093","67004","1","297.84482758621","0","297.84482758621","206.54","345.5"
"Pedido 12611","5/31/2026","2808","67224","3","627.23275862069","0","627.23275862069","161.21","727.59"
"Pedido 12614","5/31/2026","3093","75054","2","1290.5689655172","0","1290.5689655172","368","1497.06"
"Pedido 12622","6/3/2026","2808","67625","1","1273.4913793103","0","1273.4913793103","1012.43","1477.25"
"Pedido 12622","6/3/2026","2808","67225","1","427.62068965517","0","427.62068965517","197.92","496.04"
"Pedido 12622","6/3/2026","2808","67402","1","433.27586206897","0","433.27586206897","344.5","502.6"
"Pedido 12622","6/3/2026","2808","67374","1","268.43103448276","0","268.43103448276","221.63","311.38"
"Pedido 12622","6/3/2026","2808","67004","1","386.43103448276","0","386.43103448276","206.54","448.26"
"Pedido 12622","6/3/2026","2808","67004","2","497.6724137931","0","497.6724137931","206.54","577.3"
"Pedido 12624","6/4/2026","3093","6713N","1","449.77586206897","0","449.77586206897","247.37","521.74"
"Pedido 12624","6/4/2026","3093","67002","8","1551.1724137931","0","1551.1724137931","148.2","1799.36"
"Pedido 12624","6/4/2026","3093","67000","1","155.56896551724","0","155.56896551724","94.93","180.46"
"Pedido 12624","6/4/2026","3093","67002","5","1348.275862069","0","1348.275862069","148.2","1564"
"Pedido 12624","6/4/2026","3093","67374","3","648.15517241379","0","648.15517241379","221.63","751.86"
"Pedido 12624","6/4/2026","3093","67000","1","151.34482758621","0","151.34482758621","94.93","175.56"
"Pedido 12624","6/4/2026","3093","67374","3","1042.1120689655","0","1042.1120689655","221.63","1208.85"
"Pedido 12624","6/4/2026","3093","67374","8","1940.1379310345","0","1940.1379310345","221.63","2250.56"
"Pedido 12624","6/4/2026","3093","67000","1","139.18965517241","0","139.18965517241","94.93","161.46"
"Pedido 12624","6/4/2026","3093","67374","3","1156.2672413793","0","1156.2672413793","221.63","1341.27"
"Pedido 12624","6/4/2026","3093","67002","8","2282.4827586207","0","2282.4827586207","148.2","2647.68"
"Pedido 12624","6/4/2026","3093","67000","1","192.69827586207","0","192.69827586207","94.93","223.53"
"Pedido 12625","6/4/2026","2808","67374","2","536.86206896552","0","536.86206896552","221.63","622.76"
"Pedido 12624","6/4/2026","3093","67374","1","456.93103448276","0","456.93103448276","221.63","530.04"
"Pedido 12624","6/4/2026","3093","67004","1","392.5775862069","0","392.5775862069","206.54","455.39"
"Pedido 12624","6/4/2026","3093","67004","1","230.36206896552","0","230.36206896552","206.54","267.22"
"Pedido 12624","6/4/2026","3093","67004","1","333.68965517241","0","333.68965517241","206.54","387.08"
"Pedido 12625","6/4/2026","2808","67004","1","248.83620689655","0","248.83620689655","206.54","288.65"
"Pedido 12624","6/4/2026","3093","75054","2","1290.5689655172","0","1290.5689655172","368","1497.06"
"Pedido 12628","6/5/2026","2917","67000","1","133.87931034483","0","133.87931034483","94.93","155.3"
"Pedido 12628","6/5/2026","2917","67000","2","279.18965517241","0","279.18965517241","94.93","323.86"
"Pedido 12635","6/8/2026","3093","67225","4","1284.275862069","0","1284.275862069","197.92","1489.76"
"Pedido 12635","6/8/2026","3093","67374","1","353.81896551724","0","353.81896551724","221.63","410.43"
"Pedido 12635","6/8/2026","3093","67002","3","898.83620689655","0","898.83620689655","148.2","1042.65"
"Pedido 12635","6/8/2026","3093","67003","2","642.3275862069","0","642.3275862069","175.77","745.1"
"Pedido 12635","6/8/2026","3093","67004","1","353.31034482759","0","353.31034482759","206.54","409.84"
"Pedido 12634","6/8/2026","2808","67224","10","1828.8793103448","0","1828.8793103448","161.21","2121.5"
"Pedido 12640","6/10/2026","3093","67225","3","963.20689655172","0","963.20689655172","197.92","1117.32"
"Pedido 12642","6/11/2026","3093","67225","1","367.24137931034","0","367.24137931034","197.92","426"
"Pedido 12642","6/11/2026","3093","67003","1","303.30172413793","0","303.30172413793","175.77","351.83"
"Pedido 12642","6/11/2026","3093","67000","2","327.48275862069","0","327.48275862069","94.93","379.88"
"Pedido 12645","6/12/2026","3093","67225","1","321.06896551724","0","321.06896551724","197.92","372.44"
"Pedido 12645","6/12/2026","3093","67002","2","570.12068965517","0","570.12068965517","148.2","661.34"
"Pedido 12651","6/15/2026","3093","6713N","1","378.27586206897","0","378.27586206897","247.37","438.8"
"Pedido 12651","6/15/2026","3093","67002","11","3135.6637931034","0","3135.6637931034","148.2","3637.37"
"Pedido 12656","6/16/2026","2917","67000","7","978.73275862069","0","978.73275862069","94.93","1135.33"
"Pedido 12652","6/16/2026","3093","67000","2","384.84482758621","0","384.84482758621","94.93","446.42"
"Pedido 12652","6/16/2026","3093","67002","3","855.18103448276","0","855.18103448276","148.2","992.01"
"Pedido 12656","6/16/2026","2917","67000","6","506.27586206897","0","506.27586206897","94.93","587.28"
"Pedido 12660","6/17/2026","2808","67404","1","454.5","0","454.5","434.32","527.22"
"Pedido 12660","6/17/2026","2808","67002","1","270.23275862069","0","270.23275862069","148.2","313.47"
"Pedido 12660","6/17/2026","2808","67930","1","335.37068965517","0","335.37068965517","371.49","389.03"
"Pedido 12669","6/22/2026","3093","67226","1","345.37931034483","0","345.37931034483","215","400.64"
"Pedido 12672","6/22/2026","2917","67003","1","275.29310344828","0","275.29310344828","175.77","319.34"
"Pedido 12669","6/22/2026","3093","67000","2","384.70689655172","0","384.70689655172","94.93","446.26"
"Pedido 12669","6/22/2026","3093","67374","2","785.10344827586","0","785.10344827586","221.63","910.72"
"Pedido 12669","6/22/2026","3093","67002","5","1426.5517241379","0","1426.5517241379","148.2","1654.8"
"Pedido 12672","6/22/2026","2917","67000","5","595.81896551724","0","595.81896551724","94.93","691.15"
"Pedido 12672","6/22/2026","2917","67000","5","421.89655172414","0","421.89655172414","94.93","489.4"
"Pedido 12670","6/22/2026","2808","67004","1","300.96551724138","0","300.96551724138","206.54","349.12"
"Pedido 12669","6/22/2026","3093","67004","1","333.22413793103","0","333.22413793103","206.54","386.54"
"Pedido 12670","6/22/2026","2808","67224","1","252.98275862069","0","252.98275862069","161.21","293.46"
"Pedido 12658","6/24/2026","3093","67699","1","534.15517241379","0","534.15517241379","337.85","619.62"
"Pedido 12658","6/24/2026","3093","67002","1","285.06034482759","0","285.06034482759","148.2","330.67"
"Pedido 12685","6/25/2026","2808","67004","1","300.96551724138","0","300.96551724138","206.54","349.12"
"Pedido 12694","6/29/2026","3093","6713N","1","380.27586206897","0","380.27586206897","247.37","441.12"
"Pedido 12694","6/29/2026","3093","67225","2","699.34482758621","0","699.34482758621","197.92","811.24"
"Pedido 12697","6/29/2026","2808","69146","1","1533.6724137931","0","1533.6724137931","1170.5","1779.06"
"Pedido 12694","6/29/2026","3093","67226","1","345.37931034483","0","345.37931034483","215","400.64"
"Pedido 12694","6/29/2026","3093","67000","1","192.35344827586","0","192.35344827586","94.93","223.13"
"Pedido 12694","6/29/2026","3093","67374","1","349.74137931034","0","349.74137931034","221.63","405.7"
"Pedido 12694","6/29/2026","3093","67004","3","999.6724137931","0","999.6724137931","206.54","1159.62"
"Pedido 12694","6/29/2026","3093","67004","2","631.81034482759","0","631.81034482759","206.54","732.9"
"Pedido 12704","7/1/2026","2808","67004","1","300.96551724138","0","300.96551724138","206.54","349.12"
"Pedido 12708","7/2/2026","2917","67000","6","714.98275862069","0","714.98275862069","94.93","829.38"
"Pedido 12708","7/2/2026","2917","67000","6","714.98275862069","0","714.98275862069","94.93","829.38"
"Pedido 12718","7/8/2026","3093","67003","2","642.27586206897","0","642.27586206897","175.77","745.04"
"Pedido 12718","7/8/2026","3093","67002","1","285.06034482759","0","285.06034482759","148.2","330.67"
"Pedido 12718","7/8/2026","3093","67004","1","353.31034482759","0","353.31034482759","206.54","409.84"
"Pedido 12718","7/8/2026","3093","67004","1","334.94827586207","0","334.94827586207","206.54","388.54"
"Pedido 12721","7/8/2026","2917","67224","2","500.94827586207","0","500.94827586207","161.21","581.1"
"Pedido 12726","7/10/2026","2917","67000","4","476.65517241379","0","476.65517241379","94.93","552.92"
"Pedido 12726","7/10/2026","2917","67224","2","500.94827586207","0","500.94827586207","161.21","581.1"
"Pedido 12734","7/13/2026","3093","67374","1","422.14655172414","0","422.14655172414","221.63","489.69"
"Pedido 12733","7/13/2026","2917","67000","3","357.49137931034","0","357.49137931034","94.93","414.69"
"Pedido 12734","7/13/2026","3093","67004","1","333.10344827586","0","333.10344827586","206.54","386.4"
"Pedido 12733","7/13/2026","2917","67224","1","250.47413793103","0","250.47413793103","161.21","290.55"
"Pedido 12741","7/15/2026","2917","67000","3","357.49137931034","0","357.49137931034","94.93","414.69"
"Pedido 12747","7/17/2026","3093","67226","1","325.83620689655","0","325.83620689655","215","377.97"
"Pedido 12750","7/17/2026","2814","67682","1","304.09482758621","0","304.09482758621","244.64","352.75"
"Pedido 12747","7/17/2026","3093","67003","2","558.81034482759","0","558.81034482759","175.77","648.22"
"Pedido 12747","7/17/2026","3093","67004","1","333.10344827586","0","333.10344827586","206.54","386.4"
"Pedido 12747","7/17/2026","3093","67001","1","206.43103448276","0","206.43103448276","115.71","239.46"
"Pedido 12747","7/17/2026","3093","67004","6","1823.6896551724","0","1823.6896551724","206.54","2115.48"
"Pedido 12756","7/20/2026","3093","67226","1","325.31896551724","0","325.31896551724","215","377.37"
"Pedido 12756","7/20/2026","3093","67003","1","279.40517241379","0","279.40517241379","175.77","324.11"
"Pedido 12756","7/20/2026","3093","67002","1","244.6724137931","0","244.6724137931","148.2","283.82"
"Pedido 12753","7/20/2026","2917","67000","1","119.16379310345","0","119.16379310345","94.93","138.23"
"Pedido 12756","7/20/2026","3093","67004","4","1215.7931034483","0","1215.7931034483","206.54","1410.32"
"Pedido 12753","7/20/2026","2917","67224","1","250.47413793103","0","250.47413793103","161.21","290.55"
"Pedido 12758","7/21/2026","2808","67004","1","300.96551724138","0","300.96551724138","206.54","349.12"
"Pedido 12758","7/21/2026","2808","6713M","1","338.27586206897","0","338.27586206897","216.84","392.4"
"Pedido 12762","7/22/2026","3093","67000","1","173.26724137931","0","173.26724137931","94.93","200.99"
"Pedido 12761","7/22/2026","2917","67000","2","238.3275862069","0","238.3275862069","94.93","276.46"
"Pedido 12762","7/22/2026","3093","67004","1","284.12068965517","0","284.12068965517","206.54","329.58"
"Pedido 12762","7/22/2026","3093","67004","2","607.89655172414","0","607.89655172414","206.54","705.16"
"Pedido 12761","7/22/2026","2917","67224","1","250.47413793103","0","250.47413793103","161.21","290.55"
"Pedido 12768","7/23/2026","2808","69146","1","1551.6293103448","0","1551.6293103448","1170.5","1799.89"
"Pedido 12777","7/27/2026","2808","69146","1","1551.6293103448","0","1551.6293103448","1170.5","1799.89"
"Pedido 12778","7/27/2026","2917","67000","1","119.16379310345","0","119.16379310345","94.93","138.23"
"Pedido 12776","7/27/2026","3093","67004","3","865.52586206897","0","865.52586206897","206.54","1004.01"
"Pedido 12777","7/27/2026","2808","67004","1","300.96551724138","0","300.96551724138","206.54","349.12"
"Pedido 12776","7/27/2026","3093","67001","1","193.1724137931","0","193.1724137931","115.71","224.08"
"Pedido 12776","7/27/2026","3093","67004","3","1087.0603448276","0","1087.0603448276","206.54","1260.99"
"Pedido 12783","7/28/2026","2808","67004","1","300.96551724138","0","300.96551724138","206.54","349.12"
"Pedido 12786","7/29/2026","3093","67003","5","1392.3706896552","0","1392.3706896552","175.77","1615.15"
"Pedido 12786","7/29/2026","3093","67003","3","838.21551724138","0","838.21551724138","175.77","972.33"
"Pedido 12786","7/29/2026","3093","67002","1","252.87068965517","0","252.87068965517","148.2","293.33"
"Pedido 12786","7/29/2026","3093","67000","1","173.26724137931","0","173.26724137931","94.93","200.99"
"Pedido 12786","7/29/2026","3093","67000","1","163.26724137931","0","163.26724137931","94.93","189.39"
"Pedido 12786","7/29/2026","3093","67004","1","302.88793103448","0","302.88793103448","206.54","351.35"
"Pedido 12797","7/31/2026","2808","6716Q","1","1431.974137931","0","1431.974137931","790.23","1661.09"
"Pedido 12796","7/31/2026","2814","67404","1","782.10344827586","0","782.10344827586","434.32","907.24"
"Pedido 12798","7/31/2026","2917","67000","3","357.49137931034","0","357.49137931034","94.93","414.69"
"Pedido 12795","7/31/2026","3093","67004","4","1151.4137931034","0","1151.4137931034","206.54","1335.64"
"Pedido 12795","7/31/2026","3093","67004","3","865.52586206897","0","865.52586206897","206.54","1004.01"
"Pedido 12798","7/31/2026","2917","67224","1","250.47413793103","0","250.47413793103","161.21","290.55"
"Pedido 12795","7/31/2026","3093","67224","1","246.23275862069","0","246.23275862069","161.21","285.63"
"Pedido 12800","8/3/2026","3093","67226","3","977.50862068966","0","977.50862068966","215","1133.91"
"Pedido 12801","8/3/2026","2808","67004","1","300.96551724138","0","300.96551724138","206.54","349.12"
"Pedido 12802","8/3/2026","2917","67000","2","238.3275862069","0","238.3275862069","94.93","276.46"
"Pedido 12800","8/3/2026","3093","67004","2","683.98275862069","0","683.98275862069","206.54","793.42"
"Pedido 12806","8/4/2026","3093","67003","2","558.81034482759","0","558.81034482759","175.77","648.22"
"Pedido 12806","8/4/2026","3093","67374","1","341.99137931034","0","341.99137931034","221.63","396.71"
"Pedido 12806","8/4/2026","3093","67002","2","505.74137931034","0","505.74137931034","148.2","586.66"
"Pedido 12806","8/4/2026","3093","67374","1","362.38793103448","0","362.38793103448","221.63","420.37"
"Pedido 12813","8/5/2026","3093","67003","2","546.05172413793","0","546.05172413793","175.77","633.42"
"Pedido 12813","8/5/2026","3093","67002","1","238.41379310345","0","238.41379310345","148.2","276.56"
"Pedido 12813","8/5/2026","3093","67004","1","288.50862068966","0","288.50862068966","206.54","334.67"
"Pedido 12815","8/6/2026","2917","67000","1","119.16379310345","0","119.16379310345","94.93","138.23"
"Pedido 12819","8/7/2026","3093","67003","1","279.40517241379","0","279.40517241379","175.77","324.11"
"Pedido 12823","8/7/2026","2917","67000","3","357.49137931034","0","357.49137931034","94.93","414.69"
"Pedido 12819","8/7/2026","3093","67002","1","238.41379310345","0","238.41379310345","148.2","276.56"
"Pedido 12819","8/7/2026","3093","67004","2","577.01724137931","0","577.01724137931","206.54","669.34"
"Pedido 12819","8/7/2026","3093","67002","1","252.87068965517","0","252.87068965517","148.2","293.33"
"Pedido 12819","8/7/2026","3093","67000","2","346.53448275862","0","346.53448275862","94.93","401.98"
"Pedido 12819","8/7/2026","3093","67004","1","298.96551724138","0","298.96551724138","206.54","346.8"
"Pedido 12823","8/7/2026","2917","67224","1","250.47413793103","0","250.47413793103","161.21","290.55"
"Pedido 12832","8/10/2026","2814","67404","1","672.49137931034","0","672.49137931034","434.32","780.09"
"Pedido 12838","8/11/2026","3093","67002","1","238.41379310345","0","238.41379310345","148.2","276.56"
"Pedido 12838","8/11/2026","3093","67002","1","305.93965517241","0","305.93965517241","148.2","354.89"
"Pedido 12838","8/11/2026","3093","67002","1","252.87068965517","0","252.87068965517","148.2","293.33"
"Pedido 12838","8/11/2026","3093","67003","3","838.21551724138","0","838.21551724138","175.77","972.33"
"Pedido 12841","8/11/2026","2917","67000","9","1080.2327586207","0","1080.2327586207","94.93","1253.07"
"Pedido 12838","8/11/2026","3093","67004","1","298.96551724138","0","298.96551724138","206.54","346.8"
"Pedido 12838","8/11/2026","3093","67374","4","1442.3448275862","0","1442.3448275862","221.63","1673.12"
"Pedido 12839","8/11/2026","2808","67004","1","300.96551724138","0","300.96551724138","206.54","349.12"
"Pedido 12838","8/11/2026","3093","67001","1","226.33620689655","0","226.33620689655","115.71","262.55"
"Pedido 12838","8/11/2026","3093","67001","1","193.1724137931","0","193.1724137931","115.71","224.08"
"Pedido 12838","8/11/2026","3093","67004","2","577.01724137931","0","577.01724137931","206.54","669.34"
"Pedido 12838","8/11/2026","3093","67004","1","341.99137931034","0","341.99137931034","206.54","396.71"
"Pedido 12848","8/12/2026","2814","67404","1","782.10344827586","0","782.10344827586","434.32","907.24"
"Pedido 12847","8/12/2026","3093","67374","1","406.39655172414","0","406.39655172414","221.63","471.42"
"Pedido 12846","8/12/2026","2917","67000","1","119.16379310345","0","119.16379310345","94.93","138.23"
"Pedido 12845","8/12/2026","2808","67004","1","300.96551724138","0","300.96551724138","206.54","349.12"
"Pedido 12847","8/12/2026","3093","67004","2","669.93103448276","0","669.93103448276","206.54","777.12"
"Pedido 12846","8/12/2026","2917","67224","1","250.47413793103","0","250.47413793103","161.21","290.55"
"Pedido 12853","8/13/2026","2814","67404","1","782.10344827586","0","782.10344827586","434.32","907.24"
"Pedido 12851","8/13/2026","3093","67003","2","572.06896551724","0","572.06896551724","175.77","663.6"
"Pedido 12851","8/13/2026","3093","67002","1","250.94827586207","0","250.94827586207","148.2","291.1"
"Pedido 12850","8/13/2026","2917","67000","3","357.49137931034","0","357.49137931034","94.93","414.69"
"Pedido 12855","8/14/2026","3093","67003","1","286.03448275862","0","286.03448275862","175.77","331.8"
"Pedido 12855","8/14/2026","3093","67374","1","380.05172413793","0","380.05172413793","221.63","440.86"
"Pedido 12857","8/17/2026","3093","67226","1","340.40517241379","0","340.40517241379","215","394.87"
"Pedido 12880","8/17/2026","2814","67404","1","782.10344827586","0","782.10344827586","434.32","907.24"
"Pedido 12857","8/17/2026","3093","67003","1","286.03448275862","0","286.03448275862","175.77","331.8"
"Pedido 12881","8/17/2026","2917","67000","6","714.98275862069","0","714.98275862069","94.93","829.38"
"Pedido 12879","8/17/2026","2808","67004","2","601.93103448276","0","601.93103448276","206.54","698.24"
"Pedido 12857","8/17/2026","3093","67002","1","266.14655172414","0","266.14655172414","148.2","308.73"
"Pedido 12881","8/17/2026","2917","67224","1","250.47413793103","0","250.47413793103","161.21","290.55"
"Pedido 12857","8/17/2026","3093","67224","1","252.87068965517","0","252.87068965517","161.21","293.33"
"Pedido 12886","8/18/2026","2917","67224","1","250.47413793103","0","250.47413793103","161.21","290.55"
